region,sample,outcome,term,beta,se,tstat,pval,nobs,rsquared,sig90,sig95,beta_std,se_std
north,pooled,ln_idp,ln_idp_L1,0.9251778139627602,0.022544782447216694,41.0373360722751,0.0,4140,0.8931,True,True,0.9269200882081791,0.02258723827920224
north,pooled,ln_idp,ln_total_best_deaths_L4_6,-0.02164367022529156,0.019434737038196835,-1.113659021099864,0.26549289934608633,4140,0.8931,False,False,-0.008995505178599459,0.00807743214769219
north,pooled,ln_idp,ln_total_events_L4_6,0.05868189798062287,0.04683225380132126,1.2530231457484822,0.21027106002459717,4140,0.8931,False,False,0.010705950200502625,0.008544096122109159
north,pooled,ln_idp,ln_total_best_deaths_L10_12,-0.018577510597501967,0.02544512464604478,-0.7301009861780998,0.465371525877345,4140,0.8931,False,False,-0.00793943049427738,0.01087442784571263
north,pooled,ln_idp,ln_total_events_L10_12,0.06649628492693084,0.04299283499619437,1.5466829515387144,0.12201940207253381,4140,0.8931,False,False,0.012310046370784894,0.007958997904863612
north,pooled,ln_idp,W30_ln_total_best_deaths_L1_3,0.15094805227834324,0.07357174530242071,2.0517122661405267,0.040263078651686435,4140,0.8931,True,True,0.02305973208464895,0.011239262183691373
north,pooled,ln_idp,W30_ln_total_events_L4_6,0.2117762953443308,0.16265425237071843,1.3020028204467373,0.19299093862528727,4140,0.8931,False,False,0.01238782817806409,0.00951444035567729
north,pooled,ln_idp,W30_ln_total_best_deaths_L10_12,-0.1189220250758655,0.05403081804110079,-2.2010036010449165,0.027793115407909852,4140,0.8931,True,True,-0.0183018862145102,0.008315245920461675
north,pooled,ln_idp,W30_ln_total_events_L7_9,-0.14934093183376643,0.1280732779073931,-1.1660584805344913,0.24366083014565043,4140,0.8931,False,False,-0.0087848199243118,0.007533773023360769
north,pooled,ln_idp,ndvi_anom_1m_L1_3,-0.28264629227862054,0.20389724769331644,-1.3862192622813192,0.16575778940551578,4140,0.8931,False,False,-0.004244327679424796,0.0030618011125021095
north,pooled,ln_idp,sm1_anom_1m_L1_3,-0.2506475112874968,0.6513665346143248,-0.3848025619490961,0.700404308039356,4140,0.8931,False,False,-0.003302473799040968,0.008582255228014406
north,pooled,ln_idp,spi6_L4_6,-0.0087811293246178,0.025489874046187813,-0.34449481031982887,0.7304924406420636,4140,0.8931,False,False,-0.0032178055942039797,0.00934065041855513
north,pooled,ln_idp,spi6_drought_severity_L4_6,-0.0020801435111305563,0.0029855064434834567,-0.6967472857648457,0.4860017438332367,4140,0.8931,False,False,-0.0017390888191435863,0.0024960108990371207
north,pooled,ln_idp,spi6_flood_severity_L4_6,0.0025433090720523225,0.0025562728998439125,0.9949286213563577,0.31983160223407214,4140,0.8931,False,False,0.0053614964276929074,0.005388825200730213
north,pooled,ln_idp,t2m_max_anom_1m_L1_3,0.02321395567782393,0.011491406489082503,2.020114395907805,0.043438542702786576,4140,0.8931,True,True,0.011025912073933681,0.005458063214770975
north,pooled,ln_idp,ndvi_anom_1m_L10_12,-1.2146102244444128,0.7997291104755541,-1.5187770565487508,0.12889823081377028,4140,0.8931,False,False,-0.014461104929620487,0.009521545553553274
north,pooled,ln_idp,sm1_anom_1m_L10_12,1.10206983452372,0.5172177252838162,2.1307657890474934,0.03316971176478711,4140,0.8931,True,True,0.014608228727566603,0.006855858491184455
north,pooled,ln_idp,spi6_L10_12,-0.023457865826305657,0.03770152060833473,-0.6221994616609653,0.5338464426529024,4140,0.8931,False,False,-0.00859689908992794,0.013816950382725283
north,pooled,ln_idp,spi6_drought_severity_L7_9,-0.00024317195361970814,0.0038596185322132947,-0.06300414188348852,0.9497663771145399,4140,0.8931,False,False,-0.00019845852667646737,0.0031499282546133267
north,pooled,ln_idp,spi6_flood_severity_L7_9,0.0007654050577380132,0.0026330669040666587,0.29068955921928075,0.771303937627082,4140,0.8931,False,False,0.001614682948823468,0.0055546644095512115
north,pooled,ln_idp,t2m_max_anom_1m_L7_9,-0.01694881496868979,0.017376184632664028,-0.9754048617110767,0.32941888729057167,4140,0.8931,False,False,-0.007863366899830313,0.00806164415259959
north,pooled,ln_idp,W30_ndvi_anom_1m_L4_6,-0.8894140168904221,0.8660800561115254,-1.0269420368408668,0.3045103077230018,4140,0.8931,False,False,-0.007980645156038923,0.007771271278941316
north,pooled,ln_idp,W30_sm1_anom_1m_L4_6,-1.2266681771011227,0.9033057752056145,-1.3579766794050476,0.174548236386177,4140,0.8931,False,False,-0.015141689509652594,0.01115018375447097
north,pooled,ln_idp,W30_spi6_L4_6,0.04689307025895765,0.048719951887411815,0.9625023925993205,0.3358559071970557,4140,0.8931,False,False,0.016889720872569847,0.01754771832510224
north,pooled,ln_idp,W30_spi6_drought_severity_L4_6,-0.0065559884184204515,0.020143959557999788,-0.3254567901382063,0.7448525272490216,4140,0.8931,False,False,-0.004114569097025446,0.012642443549197978
north,pooled,ln_idp,W30_spi6_flood_severity_L1_3,0.0067397677251441945,0.01363865468647615,0.4941666080766184,0.6212158539004764,4140,0.8931,False,False,0.013834588261359856,0.027995797440070785
north,pooled,ln_idp,W30_t2m_max_anom_1m_L1_3,-0.025499038269457056,0.0255364017180033,-0.9985368553894615,0.3180799436026356,4140,0.8931,False,False,-0.012437451299468312,0.01245567575431886
north,pooled,ln_idp,W30_ndvi_anom_1m_L10_12,1.6635062656173338,1.302881952961734,1.2767897059559559,0.20175115704973812,4140,0.8931,False,False,0.014145881756090805,0.011079257367210306
north,pooled,ln_idp,W30_sm1_anom_1m_L7_9,-0.09170224790025834,0.67629214804642,-0.1355956122884987,0.8921478470752173,4140,0.8931,False,False,-0.0011475793015271907,0.008463248051755204
north,pooled,ln_idp,W30_spi6_L7_9,0.08174653865299808,0.03424702237832321,2.386967770510171,0.01703450982032395,4140,0.8931,True,True,0.029626787415773438,0.012411892519789344
north,pooled,ln_idp,W30_spi6_drought_severity_L10_12,0.03448226769045037,0.018095578881616385,1.9055631166064273,0.056779059434375334,4140,0.8931,True,False,0.021153863349084243,0.01110110872987333
north,pooled,ln_idp,W30_spi6_flood_severity_L7_9,-0.00899794262245047,0.006921578960843168,-1.2999841038228024,0.19368186847893054,4140,0.8931,False,False,-0.01911048886818262,0.01470055580832512
north,pooled,ln_idp,W30_t2m_max_anom_1m_L7_9,0.10506831814712218,0.058451225808031124,1.7975383183954703,0.07232614428437723,4140,0.8931,True,False,0.050536302740903025,0.028114172712609013
north,pooled,ln_idp,inflation_food_price_index_L1_3,0.002724417652323115,0.0022925271929885643,1.1883905502431722,0.23475064422456748,4140,0.8931,False,False,0.00545604263329431,0.004591119167160894
north,pooled,ln_idp,ln_c_fuel_gas_L4_6,-0.035029094833316,0.1499713500477416,-0.23357191104944316,0.8153293758612938,4140,0.8931,False,False,-0.0008965080654003239,0.003838252901953388
north,pooled,ln_idp,inflation_food_price_index_L10_12,0.0012547264076875166,0.0018743791536907847,0.6694090708472039,0.5032734845961873,4140,0.8931,False,False,0.002223048032207219,0.0033209111274720713
north,pooled,ln_idp,ln_c_fuel_gas_L10_12,-0.10564107735250734,0.3108021190340264,-0.33989818885675566,0.7339511772484726,4140,0.8931,False,False,-0.0022396822926102735,0.00658927398272825
north,pooled,ln_idp,W30_inflation_food_price_index_L1_3,-0.009561027670754401,0.006767157550113039,-1.4128572594847735,0.15777606943732736,4140,0.8931,False,False,-0.014732610894093315,0.010427529600170547
north,pooled,ln_idp,W30_ln_c_fuel_gas_L4_6,-0.6308099947556478,0.8790436357841813,-0.7176094212807899,0.47304035802048383,4140,0.8931,False,False,-0.007680094006921056,0.01070233162938917
north,pooled,ln_idp,W30_inflation_food_price_index_L10_12,-0.008454102691555733,0.008706327297223523,-0.9710297353801268,0.33159261235140813,4140,0.8931,False,False,-0.01056392255787383,0.010879092753774832
north,pooled,ln_idp,W30_ln_c_fuel_gas_L7_9,0.32080197335554217,0.9295389229608222,0.345119462382172,0.7300228410449807,4140,0.8931,False,False,0.0033488690761006214,0.009703506875518405
north,pooled,dlog_idp,ln_total_best_deaths_L4_6,-0.017216044672317618,0.018710673229681063,-0.9201189321722273,0.3575664879433771,4140,0.016,False,False,-0.028036015525763666,0.03046999093864521
north,pooled,dlog_idp,ln_total_events_L4_6,0.052628880576906116,0.0421763095045388,1.2478303861849853,0.21216673565157507,4140,0.016,False,False,0.03762127073687141,0.0301493465405115
north,pooled,dlog_idp,ln_total_best_deaths_L10_12,-0.01341359598688675,0.02403442419513765,-0.5580993277800441,0.576808014535044,4140,0.016,False,False,-0.02246132210582796,0.040246101343953476
north,pooled,dlog_idp,ln_total_events_L10_12,0.0615102762133763,0.047963812447587885,1.2824309218661718,0.19976635933824194,4140,0.016,False,False,0.04461678214472883,0.034790787857644015
north,pooled,dlog_idp,W30_ln_total_best_deaths_L1_3,0.0721741328001452,0.16319375218082036,0.4422603919307862,0.6583248683356491,4140,0.016,False,False,0.043201276475055665,0.0976828973683374
north,pooled,dlog_idp,W30_ln_total_events_L1_3,-0.0008497729710784218,0.31176244241230583,-0.002725706677504781,0.9978253402970114,4140,0.016,False,False,-0.00019524510899977536,0.07163100513020365
north,pooled,dlog_idp,W30_ln_total_best_deaths_L10_12,-0.16705610385942407,0.20623601834524996,-0.8100238998008745,0.41797496452028904,4140,0.016,False,False,-0.10073587532777635,0.12436160877788903
north,pooled,dlog_idp,W30_ln_total_events_L10_12,0.19174662709358292,0.5164277880796462,0.3712941702974565,0.7104382423574074,4140,0.016,False,False,0.04478829237854233,0.12062751306507423
north,pooled,dlog_idp,ndvi_anom_1m_L1_3,0.026934789558490768,0.2293522417603098,0.11743852753198564,0.9065184924803709,4140,0.016,False,False,0.0015847744504592534,0.013494502049403022
north,pooled,dlog_idp,sm1_anom_1m_L1_3,-0.09635343207429103,0.7135405475819239,-0.13503567863216406,0.8925905073692735,4140,0.016,False,False,-0.004974293812077555,0.0368368853510744
north,pooled,dlog_idp,spi6_L4_6,0.016691269947120814,0.028757806297539035,0.5804083167689038,0.5616722229255466,4140,0.016,False,False,0.023965531841292034,0.04129081398196812
north,pooled,dlog_idp,spi6_drought_severity_L4_6,-0.005034754018926078,0.0044256302397493695,-1.1376354883211401,0.2553413403750977,4140,0.016,False,False,-0.016492822422673834,0.014497457746341081
north,pooled,dlog_idp,spi6_flood_severity_L4_6,0.0006524493664839115,0.0037624828479821204,0.17340926001399062,0.8623385831519608,4140,0.016,False,False,0.005389170893106701,0.031077757281657875
north,pooled,dlog_idp,t2m_max_anom_1m_L1_3,0.036178203841078345,0.012773594567300258,2.832264923586402,0.00464523094860847,4140,0.016,True,True,0.06732876316909903,0.023772056988172873
north,pooled,dlog_idp,ndvi_anom_1m_L10_12,-0.5629464434293082,0.7158641858432603,-0.7863872150080802,0.43168758357599146,4140,0.016,False,False,-0.026261521597945123,0.03339515329947891
north,pooled,dlog_idp,sm1_anom_1m_L10_12,0.9144256866806868,0.4160436196833567,2.197908208222589,0.028013155934847767,4140,0.016,True,True,0.04749251004702007,0.021608049812701893
north,pooled,dlog_idp,spi6_L10_12,0.0005858677251058078,0.029238949215018482,0.020037235975801718,0.9840146749350924,4140,0.016,False,False,0.0008412811655415791,0.04198588899973856
north,pooled,dlog_idp,spi6_drought_severity_L7_9,0.0017210656546631853,0.003218366920049354,0.5347636541817279,0.5928432317293253,4140,0.016,False,False,0.005503538110101913,0.01029153359070969
north,pooled,dlog_idp,spi6_flood_severity_L10_12,0.001413469918617548,0.00353483977897287,0.39986817140217445,0.6892751179697285,4140,0.016,False,False,0.011597220239186625,0.029002609031171217
north,pooled,dlog_idp,t2m_max_anom_1m_L10_12,0.04517540693916882,0.028504560896359384,1.5848483722806144,0.1130803952100734,4140,0.016,False,False,0.08283313692008226,0.05226565415900605
north,pooled,dlog_idp,W30_ndvi_anom_1m_L1_3,0.1238709150155865,0.8125802534109197,0.15244145362334482,0.8788465065206155,4140,0.016,False,False,0.005227657187021956,0.03429288466337082
north,pooled,dlog_idp,W30_sm1_anom_1m_L1_3,-1.349196022598448,1.5573873952492845,-0.866320111947797,0.3863669661393563,4140,0.016,False,False,-0.06406986058701915,0.0739563351968907
north,pooled,dlog_idp,W30_spi6_L1_3,0.014618825444042461,0.04437103982560208,0.32946772267454055,0.7418195590025618,4140,0.016,False,False,0.020503389334407405,0.062231860432232236
north,pooled,dlog_idp,W30_spi6_drought_severity_L1_3,-0.009606379757992813,0.01513467238786296,-0.6347266403795113,0.5256432729570681,4140,0.016,False,False,-0.023238812214121374,0.03661231581555579
north,pooled,dlog_idp,W30_spi6_flood_severity_L4_6,0.0002548480090074938,0.006587948146302351,0.03868397311999694,0.9691442955159679,4140,0.016,False,False,0.002084655743476921,0.05388939075648613
north,pooled,dlog_idp,W30_t2m_max_anom_1m_L1_3,-0.05520648606449077,0.0355850554017534,-1.5513952540248275,0.12088666084047239,4140,0.016,False,False,-0.10550813794643003,0.06800854757851511
north,pooled,dlog_idp,W30_ndvi_anom_1m_L7_9,1.1774208427935744,1.2367106172593563,0.9520584899665756,0.3411252488964187,4140,0.016,False,False,0.04009347670175337,0.04211240918944061
north,pooled,dlog_idp,W30_sm1_anom_1m_L10_12,-0.12816097064920404,0.8964517204208128,-0.14296472161271848,0.886325294622849,4140,0.016,False,False,-0.00619161688584143,0.04330870452512117
north,pooled,dlog_idp,W30_spi6_L7_9,0.09930289841243284,0.05774649980468564,1.7196349345553799,0.0855767243468073,4140,0.016,True,False,0.14101502037230348,0.08200288185513259
north,pooled,dlog_idp,W30_spi6_drought_severity_L10_12,0.019439427238051334,0.014247260175481807,1.3644326697637457,0.1725087277870554,4140,0.016,False,False,0.04672675279722418,0.03424628699730197
north,pooled,dlog_idp,W30_spi6_flood_severity_L7_9,-0.021214648156556274,0.007683184485706431,-2.7611790652721377,0.005785769010478559,4140,0.016,True,True,-0.17654388203284765,0.06393786055141183
north,pooled,dlog_idp,W30_t2m_max_anom_1m_L10_12,-0.06211693553294851,0.034827549671673994,-1.783557445715728,0.07457193492012326,4140,0.016,True,False,-0.11462555266831659,0.06426793425894854
north,pooled,dlog_idp,inflation_food_price_index_L4_6,0.002377958776629901,0.0026656212614122776,0.8920842623269107,0.3724018081917928,4140,0.016,False,False,0.017863102203919946,0.020024007774025597
north,pooled,dlog_idp,ln_c_fuel_gas_L4_6,0.10032029562763288,0.1754447945171843,0.5718054839056897,0.5674861181060047,4140,0.016,False,False,0.01006010121920485,0.01759357246889242
north,pooled,dlog_idp,inflation_food_price_index_L10_12,0.0012560081329730424,0.001568328376794535,0.8008578761675946,0.42326182908375043,4140,0.016,False,False,0.008719277918888926,0.010887422323438888
north,pooled,dlog_idp,ln_c_fuel_gas_L7_9,-0.701141005549007,0.3560234880674606,-1.9693672722406235,0.04898032714174638,4140,0.016,True,True,-0.06308380542068127,0.032032524511747595
north,pooled,dlog_idp,W30_inflation_food_price_index_L1_3,3.124036459538827e-05,0.008009635585610473,0.0039003478075222836,0.9968881764611344,4140,0.016,False,False,0.00018861642044562695,0.048358872016966745
north,pooled,dlog_idp,W30_ln_c_fuel_gas_L1_3,-1.3692977276951113,0.6258519318385474,-2.1878940657298354,0.02873539547486126,4140,0.016,True,True,-0.07159228557669654,0.032722007293719164
north,pooled,dlog_idp,W30_inflation_food_price_index_L10_12,0.0011495822206786124,0.00516574981903437,0.22253927521668154,0.8239055444746821,4140,0.016,False,False,0.005628413415611032,0.02529177562086859
north,pooled,dlog_idp,W30_ln_c_fuel_gas_L7_9,1.3308248067973476,0.7910133411591559,1.6824302923224388,0.09256403000823132,4140,0.016,True,False,0.054434004743378846,0.032354389356742834
north,pre,ln_idp,ln_idp_L1,0.9176105836424407,0.015538380978773497,59.054452641878214,0.0,1920,0.8493,True,True,0.9180378314709092,0.015545615790195075
north,pre,ln_idp,ln_total_best_deaths_L4_6,-0.050221725156316455,0.036573791189018705,-1.3731615871256888,0.16987428903175084,1920,0.8493,False,False,-0.023626752555029336,0.017206097793985787
north,pre,ln_idp,ln_total_events_L4_6,0.12956128248862298,0.09941039103352364,1.303297181930727,0.1926411203075531,1920,0.8493,False,False,0.02611280398266004,0.02003595522548133
north,pre,ln_idp,ln_total_best_deaths_L10_12,-0.04141384277157038,0.028510635138849938,-1.4525752432339862,0.14651718425918592,1920,0.8493,False,False,-0.019943098890187562,0.013729477342451895
north,pre,ln_idp,ln_total_events_L10_12,0.13960471924359052,0.07881333373914917,1.7713337657514197,0.0766755294977608,1920,0.8493,True,False,0.028235036993318405,0.015939986884030737
north,pre,ln_idp,W30_ln_total_best_deaths_L1_3,0.16872455719236187,0.14026693779242652,1.2028818754284651,0.22918129075426474,1920,0.8493,False,False,0.024574354485929376,0.020429565851739197
north,pre,ln_idp,W30_ln_total_events_L4_6,-0.07385236976307591,0.25521641655923233,-0.28937154889460553,0.7723306135514596,1920,0.8493,False,False,-0.004389197855145389,0.015168035254025665
north,pre,ln_idp,W30_ln_total_best_deaths_L10_12,-0.3429664801016291,0.1378981759248149,-2.487099468876383,0.012969521427718789,1920,0.8493,True,True,-0.049123325197674185,0.01975125072897347
north,pre,ln_idp,W30_ln_total_events_L7_9,-0.46649222031004306,0.26762642296908085,-1.7430723586061507,0.08149287436904729,1920,0.8493,True,False,-0.02766195803765607,0.015869655611873725
north,pre,ln_idp,ndvi_anom_1m_L1_3,-0.18828878192395057,0.8677786437406629,-0.2169778932474178,0.8282503276123854,1920,0.8493,False,False,-0.001577568438390338,0.007270641330227369
north,pre,ln_idp,sm1_anom_1m_L1_3,0.29124710842769597,0.6892898910260572,0.4225321047348509,0.6726874777568561,1920,0.8493,False,False,0.002853066864539477,0.006752307889905419
north,pre,ln_idp,spi6_L4_6,0.042470712875216705,0.060396119977721874,0.703202670815323,0.4820210060262351,1920,0.8493,False,False,0.012120651534707478,0.01723635594366313
north,pre,ln_idp,spi6_drought_severity_L4_6,-0.0015291666837634128,0.006683113232295057,-0.22881053045367594,0.8190423485673026,1920,0.8493,False,False,-0.0012695803001683068,0.005548609575140777
north,pre,ln_idp,spi6_flood_severity_L4_6,-0.002669319166764645,0.010080909758773814,-0.26478951112933347,0.7912021376037652,1920,0.8493,False,False,-0.0010878314762356217,0.004108287641742285
north,pre,ln_idp,t2m_max_anom_1m_L1_3,0.04221659578381769,0.02755994998322136,1.531809593613899,0.12574633024482718,1920,0.8493,False,False,0.013440271989736276,0.008774113992867425
north,pre,ln_idp,ndvi_anom_1m_L10_12,-1.6037503108288895,1.4933715805633097,-1.073912435258708,0.28300683555477124,1920,0.8493,False,False,-0.013809990494155532,0.012859512601535965
north,pre,ln_idp,sm1_anom_1m_L10_12,0.4579854796172978,0.688210269982987,0.665473183985789,0.5058337231279824,1920,0.8493,False,False,0.004973449346939077,0.0074735533551495955
north,pre,ln_idp,spi6_L10_12,0.14021870890611185,0.06504078163645506,2.1558582996413422,0.03122777294657264,1920,0.8493,True,True,0.0406355510392463,0.018848897001257737
north,pre,ln_idp,spi6_drought_severity_L7_9,-9.346758545100581e-05,0.005354409377785571,-0.01745618962920263,0.9860746307176806,1920,0.8493,False,False,-7.761849566916323e-05,0.004446474134270085
north,pre,ln_idp,spi6_flood_severity_L7_9,-0.0026916239718100124,0.008676570173813434,-0.31021750736639503,0.7564317115555701,1920,0.8493,False,False,-0.001096959158557369,0.0035360968756085087
north,pre,ln_idp,t2m_max_anom_1m_L7_9,-0.026534488599267127,0.04608077585486558,-0.5758255608117198,0.5648055595613604,1920,0.8493,False,False,-0.008225189729341774,0.01428416918093568
north,pre,ln_idp,W30_ndvi_anom_1m_L4_6,-3.73307674360351,3.2948555892118887,-1.1330016270899572,0.2573654727949002,1920,0.8493,False,False,-0.024033988545459767,0.02121266904725418
north,pre,ln_idp,W30_sm1_anom_1m_L4_6,-2.652939391407725,1.9332394703932199,-1.3722766537909132,0.17014945425744665,1920,0.8493,False,False,-0.0250226079017447,0.018234375577708593
north,pre,ln_idp,W30_spi6_L4_6,0.03946735018839484,0.1754721321116066,0.22492090176058377,0.82206651012161,1920,0.8493,False,False,0.010929311756496854,0.04859180125522759
north,pre,ln_idp,W30_spi6_drought_severity_L4_6,-0.048623153337813356,0.0472639634048775,-1.0287574260603713,0.3037328214909505,1920,0.8493,False,False,-0.0344831567022175,0.03351922992601942
north,pre,ln_idp,W30_spi6_flood_severity_L1_3,0.04951044254667618,0.048338992320874415,1.0242340638386849,0.3058632822933147,1920,0.8493,False,False,0.012904188685237955,0.012598866939530282
north,pre,ln_idp,W30_t2m_max_anom_1m_L1_3,-0.11144871348742617,0.10059466211974223,-1.1078988799103862,0.2680545007144548,1920,0.8493,False,False,-0.032543931940438184,0.029374460549206928
north,pre,ln_idp,W30_ndvi_anom_1m_L10_12,1.7828473834226921,2.607923278120902,0.6836272364221139,0.49429916153139875,1920,0.8493,False,False,0.011715604681686304,0.01713741650055084
north,pre,ln_idp,W30_sm1_anom_1m_L7_9,3.3428404908231664,5.4605209529123,0.6121834381095643,0.5404942378012887,1920,0.8493,False,False,0.03259026063802848,0.053236103117503326
north,pre,ln_idp,W30_spi6_L7_9,0.1529255647011927,0.10402347668958431,1.4701062641612792,0.14170891488947546,1920,0.8493,False,False,0.043349739270664836,0.029487486943943205
north,pre,ln_idp,W30_spi6_drought_severity_L10_12,0.014506004770862602,0.02900918245325532,0.5000487274757646,0.6171023016004913,1920,0.8493,False,False,0.010984402349261327,0.021966663938353285
north,pre,ln_idp,W30_spi6_flood_severity_L7_9,-0.007783684688326339,0.07158661714420338,-0.10873100306789132,0.9134280510927013,1920,0.8493,False,False,-0.0021805346415398595,0.02005439644641501
north,pre,ln_idp,W30_t2m_max_anom_1m_L7_9,0.04199863843556987,0.07923283803921065,0.5300660619374209,0.5961319444350925,1920,0.8493,False,False,0.011034459675894849,0.020817140481628433
north,pre,ln_idp,inflation_food_price_index_L1_3,0.007291386864807137,0.007915314987117934,0.9211745681218965,0.3570835643683439,1920,0.8493,False,False,0.006889297968371015,0.007478819115053308
north,pre,ln_idp,ln_c_fuel_gas_L4_6,0.6459476672826394,0.6563371502631714,0.9841705090495546,0.3251648365432174,1920,0.8493,False,False,0.013605408851019058,0.013824239525484505
north,pre,ln_idp,inflation_food_price_index_L10_12,0.0024289841918284237,0.015592189757478022,0.15578210819705304,0.8762223590556153,1920,0.8493,False,False,0.0017163605452016884,0.011017700075226977
north,pre,ln_idp,ln_c_fuel_gas_L10_12,-0.08241366233602027,0.795944693244975,-0.1035419458606216,0.9175444722449102,1920,0.8493,False,False,-0.0018249579865463536,0.01762530123784751
north,pre,ln_idp,W30_inflation_food_price_index_L1_3,-0.01168236802279449,0.036915065309440304,-0.316466134486479,0.7516856673056018,1920,0.8493,False,False,-0.006752054210238312,0.021335787543885817
north,pre,ln_idp,W30_ln_c_fuel_gas_L4_6,-3.202655624964729,4.019154134582167,-0.7968481719593663,0.4256450091604793,1920,0.8493,False,False,-0.031345389316876165,0.03933671484719746
north,pre,ln_idp,W30_inflation_food_price_index_L10_12,-0.1090963440848801,0.06569176011556786,-1.6607310246057188,0.09694280884653184,1920,0.8493,True,False,-0.05164213465444492,0.03109602571958063
north,pre,ln_idp,W30_ln_c_fuel_gas_L7_9,1.0231835743990068,3.084314938817404,0.33173770989525425,0.7401262026468771,1920,0.8493,False,False,0.010399137779961555,0.03134746961159486
north,pre,dlog_idp,ln_total_best_deaths_L4_6,-0.05596507467304821,0.037997773943747905,-1.4728514032400737,0.140967015455558,1920,0.0341,False,False,-0.0912584331633885,0.06196038036330908
north,pre,dlog_idp,ln_total_events_L4_6,0.15494242014702564,0.101198715378905,1.5310710177189026,0.12592864029988693,1920,0.0341,False,False,0.10824108080476205,0.07069631620747888
north,pre,dlog_idp,ln_total_best_deaths_L10_12,-0.030388897271848035,0.028273384198965513,-1.074823482678806,0.28259870273447785,1920,0.0341,False,False,-0.050723074288750246,0.04719200418131173
north,pre,dlog_idp,ln_total_events_L10_12,0.12145949112646653,0.07105412961744319,1.7093938351001805,0.0875514447231065,1920,0.0341,True,False,0.0851458005795359,0.04981052278952782
north,pre,dlog_idp,W30_ln_total_best_deaths_L1_3,0.06239575310768842,0.2580872917654418,0.241762206425862,0.8089921331226064,1920,0.0341,False,False,0.03149940621527207,0.1302908617560602
north,pre,dlog_idp,W30_ln_total_events_L1_3,0.10574972254632907,0.5238517452401119,0.2018695623469915,0.8400416492023735,1920,0.0341,False,False,0.021987538475748594,0.10891953308916599
north,pre,dlog_idp,W30_ln_total_best_deaths_L10_12,-0.13709190605830535,0.42525732080483164,-0.3223740059285718,0.7472070419367727,1920,0.0341,False,False,-0.06805991616677382,0.21112098033690038
north,pre,dlog_idp,W30_ln_total_events_L10_12,-0.23471072079414892,0.9348796325988831,-0.2510598291051371,0.8017966850627953,1920,0.0341,False,False,-0.04798689124466003,0.19113727359610533
north,pre,dlog_idp,ndvi_anom_1m_L1_3,0.22163223836184665,0.9245566692473388,0.23971731072176738,0.8105768757028717,1920,0.0341,False,False,0.006436358266275811,0.02684978505263767
north,pre,dlog_idp,sm1_anom_1m_L1_3,0.5162900639452837,0.6028897819887841,0.8563589554332313,0.3919139470335362,1920,0.0341,False,False,0.01753022980129607,0.02047065624768009
north,pre,dlog_idp,spi6_L4_6,0.03820797877954403,0.03994132425079267,0.9566027039973708,0.33889707108091316,1920,0.0341,False,False,0.03779496898224948,0.039509577826108006
north,pre,dlog_idp,spi6_drought_severity_L4_6,-0.004104992314088576,0.006388385101984679,-0.6425712051725371,0.5205847100081558,1920,0.0341,False,False,-0.011813027374567216,0.018383997414567144
north,pre,dlog_idp,spi6_flood_severity_L4_6,-0.010856642591377908,0.00787929830936429,-1.377869216916834,0.1684159905386995,1920,0.0341,False,False,-0.015335578779189849,0.011129923356227703
north,pre,dlog_idp,t2m_max_anom_1m_L1_3,0.047102405288319264,0.02731006434632179,1.7247269977473771,0.08474940463206737,1920,0.0341,True,False,0.05197702842635783,0.030136380131025795
north,pre,dlog_idp,ndvi_anom_1m_L10_12,-1.2037531593835904,1.0907786528902037,-1.1035723482431945,0.269927109272162,1920,0.0341,False,False,-0.03592837546223721,0.032556429598324506
north,pre,dlog_idp,sm1_anom_1m_L10_12,1.6576232126828427,1.0617726101359457,1.5611847554351646,0.11865703289165919,1920,0.0341,False,False,0.06239292191367066,0.03996511091749628
north,pre,dlog_idp,spi6_L10_12,0.12642846204496314,0.0644972167024938,1.9602157815296044,0.05012558294750291,1920,0.0341,True,False,0.12699556626472366,0.06478652373955784
north,pre,dlog_idp,spi6_drought_severity_L7_9,0.002397534404553105,0.0047279546661294185,0.5070975874047176,0.6121488464241085,1920,0.0341,False,False,0.006901008466150277,0.013608837110562983
north,pre,dlog_idp,spi6_flood_severity_L10_12,-0.018314007832433175,0.007303978429663321,-2.5074016864638202,0.01225023024450822,1920,0.0341,True,True,-0.025903279566837144,0.010330725909085771
north,pre,dlog_idp,t2m_max_anom_1m_L10_12,0.06790358431957376,0.04610103646397673,1.472929667701365,0.14094591044552773,1920,0.0341,False,False,0.07240657475018632,0.049158202416537025
north,pre,dlog_idp,W30_ndvi_anom_1m_L1_3,0.5805882522116914,2.390196126999724,0.2429040218304054,0.8081075955528316,1920,0.0341,False,False,0.012611358258054184,0.051919100239762116
north,pre,dlog_idp,W30_sm1_anom_1m_L1_3,1.790034383491484,3.9398520999309823,0.45434050266070686,0.6496388861290585,1920,0.0341,False,False,0.05751764817709054,0.12659590734318413
north,pre,dlog_idp,W30_spi6_L1_3,-0.12840809247362134,0.12840274709016322,-1.0000416298216297,0.3174256033496279,1920,0.0341,False,False,-0.1206478392226764,0.12064281688372863
north,pre,dlog_idp,W30_spi6_drought_severity_L1_3,-0.02012126559908673,0.023978671805445204,-0.839131781874486,0.4015074746526035,1920,0.0341,False,False,-0.04793779111258034,0.0571278458855354
north,pre,dlog_idp,W30_spi6_flood_severity_L4_6,-0.02514983619637684,0.029747639702075158,-0.8454397205376405,0.3979784313981658,1920,0.0341,False,False,-0.023540013900179766,0.027843515425570453
north,pre,dlog_idp,W30_t2m_max_anom_1m_L1_3,-0.08380518318356162,0.054756967288695904,-1.5304935122084904,0.12607141272214895,1920,0.0341,False,False,-0.08482216587425324,0.05542144752502446
north,pre,dlog_idp,W30_ndvi_anom_1m_L7_9,4.046985539896655,3.256288462238694,1.2428215702715593,0.21409645677167521,1920,0.0341,False,False,0.09381264444363728,0.07548359852101617
north,pre,dlog_idp,W30_sm1_anom_1m_L10_12,-0.5893343038607212,1.9634823152579444,-0.3001474977803912,0.7640995219454054,1920,0.0341,False,False,-0.020687918689814847,0.06892584093754989
north,pre,dlog_idp,W30_spi6_L7_9,0.2419467847089068,0.14813968068859926,1.6332341448574952,0.10259572661674077,1920,0.0341,False,False,0.23772221402655597,0.14555305176239625
north,pre,dlog_idp,W30_spi6_drought_severity_L10_12,0.027847153920334076,0.024910079758611484,1.117907055705321,0.2637567863246204,1920,0.0341,False,False,0.0730891558891198,0.06538035118045271
north,pre,dlog_idp,W30_spi6_flood_severity_L7_9,-0.07060153308182956,0.03378433449923552,-2.089771313489308,0.036779266761274965,1920,0.0341,True,True,-0.06855441072486362,0.03280474293160708
north,pre,dlog_idp,W30_t2m_max_anom_1m_L10_12,-0.002877841156189337,0.06749298897289976,-0.042639112595011415,0.9659939746736366,1920,0.0341,False,False,-0.002640191198422741,0.06191946871642051
north,pre,dlog_idp,inflation_food_price_index_L4_6,0.009909255846646814,0.011170759405860153,0.88707092209402,0.37515995191306706,1920,0.0341,False,False,0.030837356353041582,0.034763123877679256
north,pre,dlog_idp,ln_c_fuel_gas_L4_6,0.3035316173731548,0.40108107771884577,0.7567836884738994,0.4492791172317645,1920,0.0341,False,False,0.02215958962997797,0.02928127279627834
north,pre,dlog_idp,inflation_food_price_index_L10_12,-0.003259123338262879,0.010892958484361056,-0.2991954245434773,0.7648256928319568,1920,0.0341,False,False,-0.007982301821344994,0.026679224234543913
north,pre,dlog_idp,ln_c_fuel_gas_L7_9,-1.2010659666175705,0.43584449589152596,-2.7557213133110086,0.00591567597893583,1920,0.0341,True,True,-0.08987007630788833,0.03261217884181079
north,pre,dlog_idp,W30_inflation_food_price_index_L1_3,0.017260176742048633,0.02503416865737806,0.68946474629433,0.49062026610609055,1920,0.0341,False,False,0.034577515927477175,0.050151245750157836
north,pre,dlog_idp,W30_ln_c_fuel_gas_L1_3,-3.323066819947061,1.4024582709836626,-2.3694586061489824,0.01791975636740717,1920,0.0341,True,True,-0.10921605293785278,0.04609325212705813
north,pre,dlog_idp,W30_inflation_food_price_index_L10_12,-0.06929297104565672,0.052372768399756346,-1.3230725272483228,0.18598033686063564,1920,0.0341,False,False,-0.11369115690395945,0.08592964827136886
north,pre,dlog_idp,W30_ln_c_fuel_gas_L7_9,3.691135735912882,2.0281609962873253,1.8199421755322853,0.06893485179053083,1920,0.0341,True,False,0.1300311199738632,0.07144794033680357
north,post,ln_idp,ln_idp_L1,0.8799545982335847,0.04498498263647897,19.5610745333492,0.0,2220,0.8262,True,True,0.888000527310155,0.04539630610763354
north,post,ln_idp,ln_total_best_deaths_L4_6,0.027203953057863856,0.03656880550329076,0.7439114481170521,0.45701395345095897,2220,0.8262,False,False,0.007749712594546474,0.010417520276320685
north,post,ln_idp,ln_total_events_L4_6,-0.04093887472270528,0.12269168122660151,-0.3336727829745402,0.7386600752100665,2220,0.8262,False,False,-0.0060007418096846175,0.01798391153210265
north,post,ln_idp,ln_total_best_deaths_L10_12,-0.0014977510372649867,0.023697304201559848,-0.06320343548471641,0.9496105732715461,2220,0.8262,False,False,-0.0004992836186151318,0.007899627841209147
north,post,ln_idp,ln_total_events_L10_12,0.014588223343435461,0.052881156971148716,0.2758680819217819,0.7826767547370035,2220,0.8262,False,False,0.0023766777312324958,0.008615268988988605
north,post,ln_idp,W30_ln_total_best_deaths_L1_3,0.0904517599111903,0.33317726122505964,0.2714823922215105,0.7860469423478555,2220,0.8262,False,False,0.005540243654654784,0.020407377470485585
north,post,ln_idp,W30_ln_total_events_L4_6,0.2826526523796152,0.4268547853906729,0.6621751988112802,0.507932197981988,2220,0.8262,False,False,0.00928474068438152,0.014021577221631443
north,post,ln_idp,W30_ln_total_best_deaths_L10_12,-0.050348443733769226,0.11545958832030502,-0.4360698359160425,0.6628312501623679,2220,0.8262,False,False,-0.0035017089412217716,0.0080301563025239
north,post,ln_idp,W30_ln_total_events_L7_9,-0.6154450471017404,0.2652455644473138,-2.32028402957135,0.020421693292201448,2220,0.8262,True,True,-0.020189941653119183,0.008701495763365263
north,post,ln_idp,ndvi_anom_1m_L1_3,-0.4346492316640435,0.27771573626239254,-1.5650867952739143,0.11771445672456449,2220,0.8262,False,False,-0.009865528050540258,0.006303502195744766
north,post,ln_idp,sm1_anom_1m_L1_3,-0.01326856492882334,1.0251198870184466,-0.012943427492578317,0.9896741669046754,2220,0.8262,False,False,-0.00023887220618102706,0.01845509671360194
north,post,ln_idp,spi6_L4_6,0.046520541848589336,0.04864556529277305,0.9563161938525275,0.33902348362647716,2220,0.8262,False,False,0.02147011896758916,0.022450857891568914
north,post,ln_idp,spi6_drought_severity_L4_6,-0.0046307319335459375,0.004121532712420748,-1.1235460826480048,0.26133511074309546,2220,0.8262,False,False,-0.003939282788638538,0.003506115903456604
north,post,ln_idp,spi6_flood_severity_L4_6,0.0036320157037298103,0.002461438975751932,1.4755660162650528,0.14021157028099518,2220,0.8262,False,False,0.012201725958164081,0.008269183366698187
north,post,ln_idp,t2m_max_anom_1m_L1_3,0.026409796425708548,0.018863433244526443,1.400052476310049,0.16164652635082,2220,0.8262,False,False,0.01747662360541272,0.01248283468022125
north,post,ln_idp,ndvi_anom_1m_L10_12,-0.9545111101450451,0.831138629101475,-1.14843791002344,0.2509196959756299,2220,0.8262,False,False,-0.01580617378193628,0.013763194025538281
north,post,ln_idp,sm1_anom_1m_L10_12,0.6220291825846398,0.7233737949664859,0.8599000778200137,0.3899430797662349,2220,0.8262,False,False,0.010541266840148814,0.012258711345709654
north,post,ln_idp,spi6_L10_12,-0.0496447572441535,0.05238589131456358,-0.9476741923898883,0.3434052686265989,2220,0.8262,False,False,-0.022787428409224673,0.024045635717649217
north,post,ln_idp,spi6_drought_severity_L7_9,0.006090418591444598,0.006890851581323689,0.8838412088211988,0.37688393609525384,2220,0.8262,False,False,0.0047985882686966365,0.005429242516420607
north,post,ln_idp,spi6_flood_severity_L7_9,0.003742894078586967,0.003211702987135563,1.165392345923357,0.2439936462057124,2220,0.8262,False,False,0.01263177884140323,0.010839078260287432
north,post,ln_idp,t2m_max_anom_1m_L7_9,-0.010955454698836336,0.020257270573354715,-0.5408159336750199,0.588692284725195,2220,0.8262,False,False,-0.006850070735765671,0.01266617773115007
north,post,ln_idp,W30_ndvi_anom_1m_L4_6,-0.19274867558918035,1.6821915415741002,-0.11458188370678465,0.9087875830114767,2220,0.8262,False,False,-0.0023615628426977087,0.02061026373716245
north,post,ln_idp,W30_sm1_anom_1m_L4_6,0.1354508104995171,1.2322584585261314,0.10992077965650639,0.9124827911715032,2220,0.8262,False,False,0.0021946597226452226,0.01996583111494804
north,post,ln_idp,W30_spi6_L4_6,-0.10912752223755087,0.07863511988306236,-1.3877707874017806,0.16535527981730858,2220,0.8262,False,False,-0.04809173320104359,0.034653945476891136
north,post,ln_idp,W30_spi6_drought_severity_L4_6,-0.04792252511071498,0.03225307955230867,-1.4858278891785606,0.13747597787813493,2220,0.8262,False,False,-0.022246917290419957,0.014972741764000107
north,post,ln_idp,W30_spi6_flood_severity_L1_3,0.008884724494760838,0.019601702921661066,0.45326288895760586,0.6504066635524839,2220,0.8262,False,False,0.027802716137458352,0.06133905248982069
north,post,ln_idp,W30_t2m_max_anom_1m_L1_3,-0.008902688930064106,0.037658783687171744,-0.23640404862828213,0.8131423983006223,2220,0.8262,False,False,-0.006139873489564554,0.025971947287665925
north,post,ln_idp,W30_ndvi_anom_1m_L10_12,4.075958326103925,2.809753793717878,1.4506460798156269,0.14702900097248306,2220,0.8262,False,False,0.04486151329692821,0.030925195277562108
north,post,ln_idp,W30_sm1_anom_1m_L7_9,-0.975834167693983,1.8031282733441645,-0.5411895438166228,0.5884348156738635,2220,0.8262,False,False,-0.015701241189488575,0.029012462211961736
north,post,ln_idp,W30_spi6_L7_9,0.17020525381777893,0.07637878645233241,2.228436215388197,0.025957799322174235,2220,0.8262,True,True,0.07189325933446246,0.03226175325908467
north,post,ln_idp,W30_spi6_drought_severity_L10_12,0.0011663447762243582,0.04850276887038114,0.024046973057173283,0.9808174437450123,2220,0.8262,False,False,0.00027930689335806623,0.011615054114877389
north,post,ln_idp,W30_spi6_flood_severity_L7_9,-0.006563630201544384,0.00938567422137035,-0.6993243156255711,0.48442745512655083,2220,0.8262,False,False,-0.020733660769203976,0.029648133642624686
north,post,ln_idp,W30_t2m_max_anom_1m_L7_9,0.13629714230706255,0.07395545847737958,1.842962576572372,0.06547648031481423,2220,0.8262,True,False,0.09080704789775641,0.0492723232973312
north,post,ln_idp,inflation_food_price_index_L1_3,-0.00010125505084902422,0.0013688202875175614,-0.07397249425098483,0.9410393742778709,2220,0.8262,False,False,-0.00032203302196613236,0.00435341575577391
north,post,ln_idp,ln_c_fuel_gas_L4_6,0.005182106075713077,0.16977507259557614,0.030523362449430092,0.9756525856664389,2220,0.8262,False,False,0.0001678690098468423,0.005499689299465649
north,post,ln_idp,inflation_food_price_index_L10_12,9.415950803919343e-05,0.0010273546220032981,0.09165239151363953,0.9269830370436831,2220,0.8262,False,False,0.00026963782361688637,0.002941961678946036
north,post,ln_idp,ln_c_fuel_gas_L10_12,0.2388288298209469,0.4275762943422816,0.5585642445129585,0.5765191840654942,2220,0.8262,False,False,0.005033018041565947,0.009010634123124906
north,post,ln_idp,W30_inflation_food_price_index_L1_3,-0.012792164032248905,0.008599984561391289,-1.4874636042578444,0.13704376340898605,2220,0.8262,False,False,-0.03171728031333918,0.02132306311398067
north,post,ln_idp,W30_ln_c_fuel_gas_L4_6,0.5542765991411942,0.6343685894364299,0.8737453404393981,0.38235767189599357,2220,0.8262,False,False,0.008579636120957537,0.009819378397649502
north,post,ln_idp,W30_inflation_food_price_index_L10_12,-0.008132908236149058,0.007554546495727773,-1.0765581018990829,0.2818023981842981,2220,0.8262,False,False,-0.015271088262048656,0.014185103651265983
north,post,ln_idp,W30_ln_c_fuel_gas_L7_9,-1.6195241262939715,1.0311075350831502,-1.5706646214774973,0.11641244896448222,2220,0.8262,False,False,-0.018265704400764825,0.011629283649097915
north,post,dlog_idp,ln_total_best_deaths_L4_6,0.05819951277694124,0.04452009679541741,1.3072638418641511,0.19126733104972993,2220,0.0198,False,False,0.09207100508652812,0.07043031570064338
north,post,dlog_idp,ln_total_events_L4_6,-0.13152897903460226,0.09574685425055753,-1.3737159310780842,0.16967763352912058,2220,0.0198,False,False,-0.10706325533878316,0.07793696856580862
north,post,dlog_idp,ln_total_best_deaths_L10_12,-0.0050704721542674325,0.024419375476815528,-0.2076413526251516,0.835529301270951,2220,0.0198,False,False,-0.009386551030572758,0.045205595667246516
north,post,dlog_idp,ln_total_events_L10_12,0.018150555378194197,0.05551664966703971,0.32693895411650176,0.7437468907749563,2220,0.0198,False,False,0.01642130876176561,0.05022744630153197
north,post,dlog_idp,W30_ln_total_best_deaths_L1_3,0.14589886095483917,0.28275106867954314,0.5159975579798572,0.6059108544139558,2220,0.0198,False,False,0.04962650612032338,0.096175854619569
north,post,dlog_idp,W30_ln_total_events_L1_3,-0.230513992541892,0.4515089574677753,-0.5105413496881599,0.6097263258250654,2220,0.0198,False,False,-0.04357806720737616,0.08535658714811988
north,post,dlog_idp,W30_ln_total_best_deaths_L10_12,-0.37535526615415543,0.27310831773081634,-1.3743824035565138,0.16947077056314686,2220,0.0198,False,False,-0.14497277855523524,0.10548212650284712
north,post,dlog_idp,W30_ln_total_events_L10_12,0.6946555793046708,0.633825795544566,1.0959724015458245,0.2732174863250434,2220,0.0198,False,False,0.12844040003368867,0.1171930970638756
north,post,dlog_idp,ndvi_anom_1m_L1_3,-0.16170638238393995,0.25600159926983945,-0.6316616101038209,0.5276772982824909,2220,0.0198,False,False,-0.02038255093484956,0.032268148972199616
north,post,dlog_idp,sm1_anom_1m_L1_3,-0.05323438790731537,1.1357099230930054,-0.046873226010332135,0.9626187583260426,2220,0.0198,False,False,-0.005322110495298703,0.11354265426761036
north,post,dlog_idp,spi6_L4_6,0.025989035220183383,0.05893702110504117,0.44096282324592095,0.6592856514542329,2220,0.0198,False,False,0.06660852236432518,0.15105246713094952
north,post,dlog_idp,spi6_drought_severity_L4_6,-0.00546891583180713,0.003496042430751866,-1.5643162061482685,0.11789515467234368,2220,0.0198,False,False,-0.025835609545673672,0.01651559284761698
north,post,dlog_idp,spi6_flood_severity_L4_6,0.0032499888638886153,0.003843016697724096,0.8456868963940015,0.397824521024178,2220,0.0198,False,False,0.060632486323003734,0.0716961402400107
north,post,dlog_idp,t2m_max_anom_1m_L1_3,0.03167185573388043,0.01569935515451818,2.0173985123691818,0.04378191409331067,2220,0.0198,True,True,0.11639007426059236,0.05769314964146909
north,post,dlog_idp,ndvi_anom_1m_L10_12,-0.9863808363053287,0.8298183660272271,-1.188670770240538,0.23470467820797714,2220,0.0198,False,False,-0.0907069044776111,0.0763095272034457
north,post,dlog_idp,sm1_anom_1m_L10_12,0.7157951500907419,0.6436144316909201,1.11214900543822,0.2662023660065107,2220,0.0198,False,False,0.06736289665047618,0.0605700282256092
north,post,dlog_idp,spi6_L10_12,-0.03159974342232338,0.03363796544708911,-0.939407095593467,0.34763063645394654,2220,0.0198,False,False,-0.08054812540960711,0.08574357782418189
north,post,dlog_idp,spi6_drought_severity_L7_9,0.0053755716111757714,0.0065988457470356945,0.8146230139703694,0.4153812104837238,2220,0.0198,False,False,0.023520196868825196,0.0288724925093765
north,post,dlog_idp,spi6_flood_severity_L10_12,0.00397035720646067,0.004357342882015343,0.9111876925839525,0.36230186945103604,2220,0.0198,False,False,0.07400617450459505,0.08121946236425541
north,post,dlog_idp,t2m_max_anom_1m_L10_12,0.038558384172988416,0.03068551101825397,1.2565664671528882,0.2090514918988513,2220,0.0198,False,False,0.14149159784521076,0.11260176166072661
north,post,dlog_idp,W30_ndvi_anom_1m_L1_3,0.7443407847499337,1.0995822162980093,0.676930541179471,0.4985251549356904,2220,0.0198,False,False,0.06485100249025896,0.09580156093602125
north,post,dlog_idp,W30_sm1_anom_1m_L1_3,-2.4603103650307503,1.2479454417729066,-1.9714887227245168,0.04880009549485598,2220,0.0198,True,True,-0.220479763446555,0.11183414893789552
north,post,dlog_idp,W30_spi6_L1_3,0.021956506586473763,0.09679382284001212,0.22683789050015182,0.8205720470831896,2220,0.0198,False,False,0.05392481979963332,0.23772404019776067
north,post,dlog_idp,W30_spi6_drought_severity_L1_3,0.01606596259383408,0.02102376282363998,0.7641811186991156,0.4448458287206818,2220,0.0198,False,False,0.04147685413127986,0.05427620902474918
north,post,dlog_idp,W30_spi6_flood_severity_L4_6,-0.004123629418991015,0.005321655085796641,-0.774877242607638,0.4385001085826987,2220,0.0198,False,False,-0.07219613052485759,0.09317105543311763
north,post,dlog_idp,W30_t2m_max_anom_1m_L1_3,-0.00466668183539374,0.056612212569537725,-0.08243242268020486,0.9343107704602078,2220,0.0198,False,False,-0.01787295540692883,0.21681948468585774
north,post,dlog_idp,W30_ndvi_anom_1m_L7_9,-1.3146296392383046,1.3323040710112297,-0.9867339354750225,0.32388763398736486,2220,0.0198,False,False,-0.08283614425207336,0.08394982808835423
north,post,dlog_idp,W30_sm1_anom_1m_L10_12,2.5762662691144804,2.0192507943156217,1.2758525470768212,0.20214983116875307,2220,0.0198,False,False,0.2194268932236281,0.1719845241727734
north,post,dlog_idp,W30_spi6_L7_9,-0.028839007347766357,0.048741896053902535,-0.5916677372557269,0.5541372796584696,2220,0.0198,False,False,-0.06764652232439224,0.11433194352991144
north,post,dlog_idp,W30_spi6_drought_severity_L10_12,0.011985852098608628,0.047055580462788925,0.2547169109535673,0.7989668858066956,2220,0.0198,False,False,0.01593945894481743,0.06257715235767387
north,post,dlog_idp,W30_spi6_flood_severity_L7_9,-0.0032484015262648556,0.011910269971835129,-0.27273953772219517,0.7850804613485729,2220,0.0198,False,False,-0.056983818122619316,0.20893127046604237
north,post,dlog_idp,W30_t2m_max_anom_1m_L10_12,-0.023607762326138516,0.07360601745222882,-0.3207314176651418,0.7484460937013595,2220,0.0198,False,False,-0.08660338677848028,0.2700184079530935
north,post,dlog_idp,inflation_food_price_index_L4_6,0.00037746024933160005,0.0014686941714789732,0.25700398126554697,0.7972010702336634,2220,0.0198,False,False,0.006390495869906589,0.024865357487608993
north,post,dlog_idp,ln_c_fuel_gas_L4_6,0.0701976287883429,0.12180180895469081,0.5763266522129881,0.5644566477124295,2220,0.0198,False,False,0.012628059744776588,0.0219112888433793
north,post,dlog_idp,inflation_food_price_index_L10_12,0.0013720978792006535,0.0013233257743709029,1.0368557053556495,0.29992340038540943,2220,0.0198,False,False,0.021819845982992102,0.021044245472428322
north,post,dlog_idp,ln_c_fuel_gas_L7_9,-0.4855254480256183,0.3413775125847134,-1.4222537517175633,0.1551022487762057,2220,0.0198,False,False,-0.06980482910987247,0.04908043239511495
north,post,dlog_idp,W30_inflation_food_price_index_L1_3,-0.0019535529227052923,0.006131062278922959,-0.31863204675331924,0.7500374788252229,2220,0.0198,False,False,-0.026898437752457944,0.08441849470741518
north,post,dlog_idp,W30_ln_c_fuel_gas_L1_3,0.05264382260584177,0.7972464834297917,0.06603205369983645,0.9473586396179501,2220,0.0198,False,False,0.0052693568703145125,0.07979998462970057
north,post,dlog_idp,W30_inflation_food_price_index_L10_12,0.0012600947903750029,0.0044609700382245935,0.2824710275069464,0.7776104096762704,2220,0.0198,False,False,0.01313945302276089,0.04651610870937116
north,post,dlog_idp,W30_ln_c_fuel_gas_L7_9,0.9113870290205442,1.0454588799863835,0.8717578916469814,0.38344088856736036,2220,0.0198,False,False,0.05708234442030011,0.06547958437457499
south,pooled,ln_idp,ln_idp_L1,0.9237884076775111,0.04231454618759554,21.831462012661703,0.0,2760,0.9098,True,True,0.9235637297828072,0.04230425471492304
south,pooled,ln_idp,ln_total_best_deaths_L1_3,-0.058347495166000865,0.07119921416960999,-0.8194963363922262,0.4125780875698406,2760,0.9098,False,False,-0.006774572892464887,0.00826675189579182
south,pooled,ln_idp,ln_total_events_L1_3,-0.017966702233512356,0.15959759187796835,-0.11257502085150553,0.9103761435028308,2760,0.9098,False,False,-0.0005878128180090263,0.005221520845058456
south,pooled,ln_idp,ln_total_best_deaths_L10_12,0.039858230602007556,0.040943017601205715,0.9735049573100784,0.3303925759491888,2760,0.9098,False,False,0.00486198861539488,0.004994313155660955
south,pooled,ln_idp,ln_total_events_L10_12,-0.2755381147494884,0.15389124686388772,-1.7904729499865173,0.07349372911528662,2760,0.9098,True,False,-0.009369609806304023,0.005233036224520777
south,pooled,ln_idp,W30_ln_total_best_deaths_L4_6,-0.08260639909644733,0.34774161352733524,-0.2375510893232622,0.8122479275011107,2760,0.9098,False,False,-0.0025068407763535047,0.010552849003955388
south,pooled,ln_idp,W30_ln_total_events_L4_6,0.6706126645920762,1.3828168888449095,0.48496129169513574,0.6277444869918787,2760,0.9098,False,False,0.005576549989033495,0.011498958957200888
south,pooled,ln_idp,W30_ln_total_best_deaths_L10_12,0.37695919395683974,0.26594173368204244,1.4174503141636612,0.15647062847684312,2760,0.9098,False,False,0.011862473510831943,0.00836888135851955
south,pooled,ln_idp,W30_ln_total_events_L10_12,-0.956554663567894,1.0848085413976882,-0.8817727986686485,0.377980849492487,2760,0.9098,False,False,-0.008190635752422721,0.009288827875830843
south,pooled,ln_idp,ndvi_anom_1m_L4_6,0.2855268326025757,0.19692062899960497,1.449958971048932,0.14719006585237904,2760,0.9098,False,False,0.0034870177756147576,0.0024049078941124607
south,pooled,ln_idp,sm1_anom_1m_L1_3,-0.08676835165639245,0.2523498137581743,-0.3438415521857376,0.7309931355674646,2760,0.9098,False,False,-0.0012724307218716536,0.0037006310429412775
south,pooled,ln_idp,spi6_L4_6,-0.003467866580033364,0.010836950165659253,-0.3200039242611392,0.7489909598391904,2760,0.9098,False,False,-0.0016231413733781921,0.005072254589145687
south,pooled,ln_idp,spi6_drought_severity_L4_6,0.0016878536312347717,0.0017568638172109872,0.9607196725778274,0.33678209430884354,2760,0.9098,False,False,0.0017638535501344778,0.001835971095919855
south,pooled,ln_idp,spi6_flood_severity_L4_6,-0.0003033960134488267,0.0008102925877775233,-0.37442772897748405,0.7081165217402359,2760,0.9098,False,False,-0.0008725379989364041,0.002330324202534887
south,pooled,ln_idp,t2m_max_anom_1m_L1_3,-0.007977653200094578,0.00960597871220861,-0.830488328061301,0.40633867446215266,2760,0.9098,False,False,-0.004914944199088283,0.005918137598106611
south,pooled,ln_idp,ndvi_anom_1m_L7_9,-0.30446677639614816,0.22647104806205784,-1.3443960232511392,0.1789371449733006,2760,0.9098,False,False,-0.003544262724412868,0.002636323421904963
south,pooled,ln_idp,sm1_anom_1m_L7_9,-0.30640364269947196,0.2465390520099537,-1.2428199110910076,0.2140458000909624,2760,0.9098,False,False,-0.005052286349668202,0.004065179761429039
south,pooled,ln_idp,spi6_L10_12,-0.011349419414928388,0.010870122089866483,-1.044093094916452,0.29653897526942097,2760,0.9098,False,False,-0.005433049358481635,0.005203606254015486
south,pooled,ln_idp,spi6_drought_severity_L7_9,-0.0012145729172774692,0.001552817870242494,-0.7821734541783686,0.4341835684347022,2760,0.9098,False,False,-0.0012197674359241968,0.0015594590041482516
south,pooled,ln_idp,spi6_flood_severity_L7_9,-0.0018295115193083143,0.0015900170146540158,-1.1506238627933247,0.24999237668981467,2760,0.9098,False,False,-0.005331046264590005,0.004633178953587866
south,pooled,ln_idp,t2m_max_anom_1m_L7_9,-0.014154169489782601,0.010741952681794512,-1.3176533083943966,0.1877353340420056,2760,0.9098,False,False,-0.008582653435107694,0.006513590016759367
south,pooled,ln_idp,W30_ndvi_anom_1m_L1_3,-4.196571773605758,1.5297320793238065,-2.743337758505257,0.00612335707242706,2760,0.9098,True,True,-0.034174199798032545,0.012457160877139968
south,pooled,ln_idp,W30_sm1_anom_1m_L1_3,-0.08426053203440262,0.9445994084854138,-0.08920239762748458,0.9289279013135043,2760,0.9098,False,False,-0.0010600831569603142,0.011884020891313875
south,pooled,ln_idp,W30_spi6_L4_6,0.02298892855800588,0.033091122138200826,0.6947158957618774,0.4872951773587846,2760,0.9098,False,False,0.009865491083259032,0.014200756227752348
south,pooled,ln_idp,W30_spi6_drought_severity_L4_6,-0.006948840879708241,0.009699083886478773,-0.7164430126638485,0.47378191831884053,2760,0.9098,False,False,-0.003926834002620178,0.0054810137487691975
south,pooled,ln_idp,W30_spi6_flood_severity_L4_6,0.020900681418635596,0.009227327678284566,2.2650849896468834,0.023589081568325065,2760,0.9098,True,True,0.060283468956792145,0.02661421943650338
south,pooled,ln_idp,W30_t2m_max_anom_1m_L1_3,-0.04387983982804907,0.027404861469278313,-1.6011699193312732,0.10946026143378007,2760,0.9098,False,False,-0.026605285140140825,0.01661615348810231
south,pooled,ln_idp,W30_ndvi_anom_1m_L7_9,-0.05722514716507664,1.3445009626905273,-0.04256236979597353,0.9660536472424768,2760,0.9098,False,False,-0.0004348460933482657,0.010216679555972536
south,pooled,ln_idp,W30_sm1_anom_1m_L10_12,-0.21726781471507578,0.8884729676909073,-0.2445407149299578,0.8068312879858199,2760,0.9098,False,False,-0.002798849000919518,0.011445329264376993
south,pooled,ln_idp,W30_spi6_L7_9,-0.04414181444947939,0.03232963569038269,-1.3653668996527093,0.17225538069580626,2760,0.9098,False,False,-0.018965005010391025,0.01389004304646239
south,pooled,ln_idp,W30_spi6_drought_severity_L7_9,-0.013842708768215164,0.00677984435344555,-2.0417443301895615,0.04127720516187816,2760,0.9098,True,True,-0.007286571260832226,0.003568797107988403
south,pooled,ln_idp,W30_spi6_flood_severity_L7_9,0.010131538610404653,0.00700984807290001,1.4453292717673956,0.1484854252399388,2760,0.9098,False,False,0.029745817073213613,0.02058065082764114
south,pooled,ln_idp,W30_t2m_max_anom_1m_L7_9,0.051976167344056606,0.017740418232803704,2.9298163471674967,0.003421031752539605,2760,0.9098,True,True,0.03196824023574918,0.010911346121286955
south,pooled,ln_idp,inflation_food_price_index_L4_6,0.00023282001018557608,0.0007308809522137529,0.3185471033010116,0.750095448529382,2760,0.9098,False,False,0.0006131709567673904,0.001924898862407716
south,pooled,ln_idp,ln_c_fuel_gas_L4_6,0.19214264134311046,0.08847488822923756,2.1717195148669846,0.029966570912776325,2760,0.9098,True,True,0.008310284316676747,0.003826591905532397
south,pooled,ln_idp,inflation_food_price_index_L10_12,0.0011755106223240769,0.0008179508599197634,1.437140884526227,0.15079778577343772,2760,0.9098,False,False,0.0028767949157001756,0.0020017487127913353
south,pooled,ln_idp,ln_c_fuel_gas_L7_9,-0.40159251634701026,0.18420794430043957,-2.1801042179376404,0.029338765820106083,2760,0.9098,True,True,-0.017477741235926596,0.008016929233071428
south,pooled,ln_idp,W30_inflation_food_price_index_L1_3,-0.0003291659539757767,0.002796219585236842,-0.11771820629312132,0.9062999950317172,2760,0.9098,False,False,-0.0006454429806879175,0.005482949502991474
south,pooled,ln_idp,W30_ln_c_fuel_gas_L4_6,-0.7966074756136603,0.5081260491163465,-1.5677359525239765,0.11706394326521874,2760,0.9098,False,False,-0.016592237574040356,0.010583566414565974
south,pooled,ln_idp,W30_inflation_food_price_index_L7_9,0.0028838979218337134,0.0035738075998195686,0.8069538835776479,0.41976655143361774,2760,0.9098,False,False,0.005428509891386697,0.006727162483337062
south,pooled,ln_idp,W30_ln_c_fuel_gas_L7_9,1.3524760999149794,0.9412082287031229,1.4369573689113795,0.150849922539251,2760,0.9098,False,False,0.02836485509445698,0.01973952443414924
south,pooled,dlog_idp,ln_total_best_deaths_L1_3,-0.04588817105464627,0.06096799435368648,-0.7526600069610393,0.4517220731326932,2760,0.0193,False,False,-0.027307008389302837,0.03628066874385735
south,pooled,dlog_idp,ln_total_events_L1_3,-0.011038809415453113,0.10896555443927589,-0.10130549486264304,0.9193157298043615,2760,0.0193,False,False,-0.0018510007264702067,0.018271474108881466
south,pooled,dlog_idp,ln_total_best_deaths_L10_12,0.02680484714491831,0.03539890989596034,0.7572223897204594,0.4489849388909406,2760,0.0193,False,False,0.016758028666477808,0.02213092070965347
south,pooled,dlog_idp,ln_total_events_L10_12,-0.14950164162596022,0.11906169239203122,-1.255665349806218,0.20934963862412603,2760,0.0193,False,False,-0.026055502665482348,0.020750355713409937
south,pooled,dlog_idp,W30_ln_total_best_deaths_L1_3,0.031874203147966344,0.14453395397972246,0.22053090135787864,0.8254749441652194,2760,0.0193,False,False,0.00488456838060567,0.022149133525187784
south,pooled,dlog_idp,W30_ln_total_events_L4_6,-0.0606940722646897,0.4552055093845369,-0.13333334288232024,0.8939400303065563,2760,0.0193,False,False,-0.0025867460707782036,0.019400594141416382
south,pooled,dlog_idp,W30_ln_total_best_deaths_L10_12,0.33065425712416224,0.28452215470809555,1.1621388761918936,0.24528523289251702,2760,0.0193,False,False,0.05332964662454905,0.04588922005543785
south,pooled,dlog_idp,W30_ln_total_events_L10_12,-0.7288589796572649,1.0429860030512936,-0.6988195215707222,0.4847270429443442,2760,0.0193,False,False,-0.031986373193341563,0.045772008660328274
south,pooled,dlog_idp,ndvi_anom_1m_L4_6,0.2878046620391933,0.2180380142273968,1.3199746982608056,0.18695913198182001,2760,0.0193,False,False,0.01801435554754237,0.01364750064624574
south,pooled,dlog_idp,sm1_anom_1m_L1_3,-0.10344484800869791,0.224621759565468,-0.4605290609815029,0.6451748540821756,2760,0.0193,False,False,-0.007774909396869146,0.016882559767887096
south,pooled,dlog_idp,spi6_L4_6,-0.004649582872708397,0.010622228116515442,-0.4377219940776102,0.6616240152991335,2760,0.0193,False,False,-0.011153768651501146,0.02548139870148615
south,pooled,dlog_idp,spi6_drought_severity_L4_6,0.00103022409344083,0.0014577904073402505,0.706702478115823,0.4798144251478724,2760,0.0193,False,False,0.005517890976469657,0.007807940607738066
south,pooled,dlog_idp,spi6_flood_severity_L4_6,-0.0017022465911737605,0.000812507717520267,-2.09505282776751,0.036262377676870905,2760,0.0193,True,True,-0.025090575603875113,0.011976106411890173
south,pooled,dlog_idp,t2m_max_anom_1m_L1_3,-0.008113130146608801,0.007294441909876859,-1.112234526896899,0.2661396821553197,2760,0.0193,False,False,-0.025618019575127944,0.023032929616563377
south,pooled,dlog_idp,ndvi_anom_1m_L7_9,-0.24949978156307864,0.19382613571045312,-1.2872349781341847,0.19812645051455546,2760,0.0193,False,False,-0.014885719797560527,0.011564104495619757
south,pooled,dlog_idp,sm1_anom_1m_L7_9,0.07134297675555211,0.18896516234576738,0.3775456590512125,0.7057988136415028,2760,0.0193,False,False,0.0060291894575093844,0.01596943128060585
south,pooled,dlog_idp,spi6_L7_9,0.00968474097860545,0.012930202271785863,0.7490015063212029,0.4539237409956951,2760,0.0193,False,False,0.023478160728625352,0.031345945943340926
south,pooled,dlog_idp,spi6_drought_severity_L10_12,0.001807829096475778,0.002065178998062022,0.8753861520828253,0.38144432043310594,2760,0.0193,False,False,0.009192675720774337,0.010501280719259726
south,pooled,dlog_idp,spi6_flood_severity_L7_9,-0.0010030312093694419,0.00143590738063074,-0.6985347543299402,0.48490501731930435,2760,0.0193,False,False,-0.01497977952480798,0.0214445729893241
south,pooled,dlog_idp,t2m_max_anom_1m_L10_12,0.014537954584729167,0.009986049405319797,1.4558264229079885,0.14556078790754468,2760,0.0193,False,False,0.04369701945347852,0.03001526745626341
south,pooled,dlog_idp,W30_ndvi_anom_1m_L4_6,1.7413495311041303,1.4755508882849078,1.180135192170953,0.23805391312282453,2760,0.0193,False,False,0.06868253587970483,0.05819887105760976
south,pooled,dlog_idp,W30_sm1_anom_1m_L4_6,0.2645433149103966,0.8497141603668873,0.3113321246713987,0.7555729929687582,2760,0.0193,False,False,0.01735395693218736,0.05574097742243566
south,pooled,dlog_idp,W30_spi6_L1_3,0.022105899602628584,0.0396934456140797,0.5569156131607628,0.5776328002548232,2760,0.0193,False,False,0.04948705125891755,0.08885915583880805
south,pooled,dlog_idp,W30_spi6_drought_severity_L4_6,-0.017586743582994387,0.015348867394874422,-1.1458007376405688,0.2519825730813827,2760,0.0193,False,False,-0.050936521043668345,0.0444549557094515
south,pooled,dlog_idp,W30_spi6_flood_severity_L1_3,0.01661521194130439,0.006603185615689276,2.51624184269883,0.011920861357275214,2760,0.0193,True,True,0.24355494375990686,0.09679313793569169
south,pooled,dlog_idp,W30_t2m_max_anom_1m_L4_6,0.06515051084033643,0.04309081280499087,1.5119350645618492,0.13067135371458183,2760,0.0193,False,False,0.20402826729551532,0.13494512567220712
south,pooled,dlog_idp,W30_ndvi_anom_1m_L10_12,0.8495081817952909,0.7383992358536812,1.1504727260628242,0.2500545348935024,2760,0.0193,False,False,0.03311423743155803,0.028783157289510353
south,pooled,dlog_idp,W30_sm1_anom_1m_L7_9,-0.7390141020590272,0.7463188133713928,-0.9902123446689389,0.32216205824661426,2760,0.0193,False,False,-0.0492633830079944,0.04975032201246166
south,pooled,dlog_idp,W30_spi6_L10_12,0.014153141732607597,0.0293295358320817,0.48255593997932905,0.629451506735407,2760,0.0193,False,False,0.030212307006620986,0.06260892158516415
south,pooled,dlog_idp,W30_spi6_drought_severity_L7_9,-0.01854848724143128,0.0070185965371737935,-2.6427630001510636,0.008272365537695725,2760,0.0193,True,True,-0.05004080667477382,0.01893503377787317
south,pooled,dlog_idp,W30_spi6_flood_severity_L7_9,-0.001366695779611121,0.009380896895000261,-0.1456892443130389,0.8841779541059596,2760,0.0193,False,False,-0.020565346168099075,0.14115898716524897
south,pooled,dlog_idp,W30_t2m_max_anom_1m_L7_9,0.06597161403111271,0.017875135715046765,3.6906916446838354,0.00022821736659262015,2760,0.0193,True,True,0.20796261008669661,0.056347869209352995
south,pooled,dlog_idp,inflation_food_price_index_L1_3,0.0005759938520973017,0.0007728538551858911,0.745281722064724,0.45616848398021315,2760,0.0193,False,False,0.008052398037333479,0.010804502242487798
south,pooled,dlog_idp,ln_c_fuel_gas_L4_6,0.18951598360835595,0.11603054506059357,1.6333283921866155,0.10252047067905123,2760,0.0193,False,False,0.04200989940257947,0.025720424382226523
south,pooled,dlog_idp,inflation_food_price_index_L10_12,0.0010004077040471184,0.0006035665445354142,1.6574936319857927,0.09753980241309557,2760,0.0193,True,False,0.012547957642479533,0.007570440935840101
south,pooled,dlog_idp,ln_c_fuel_gas_L7_9,-0.3781846182257106,0.18323555799283353,-2.0639259233761913,0.03912329429541872,2760,0.0193,True,True,-0.08435624254598077,0.04087173943141815
south,pooled,dlog_idp,W30_inflation_food_price_index_L1_3,-0.0010819567359448437,0.0033698032687189314,-0.3210741546808938,0.7481798828892532,2760,0.0193,False,False,-0.010873429419881018,0.033865788514456416
south,pooled,dlog_idp,W30_ln_c_fuel_gas_L4_6,-0.5995964916499558,0.3996109070498029,-1.5004507661629691,0.13361853828831083,2760,0.0193,False,False,-0.0640078640181926,0.04265908982930299
south,pooled,dlog_idp,W30_inflation_food_price_index_L7_9,0.0034011495296334027,0.0028426626386747833,1.196466117139732,0.2316233031905932,2760,0.0193,False,False,0.03281256243916396,0.027424564698585504
south,pooled,dlog_idp,W30_ln_c_fuel_gas_L7_9,0.8850331944411083,0.7659549802393577,1.1554637247277106,0.24800626370859646,2760,0.0193,False,False,0.09513146869809205,0.08233185227905804
south,pre,ln_idp,ln_idp_L1,0.638244875341383,0.1452388516245407,4.3944500263009525,1.2114800957974126e-05,1280,0.6925,True,True,0.6411374434290714,0.14589708372875768
south,pre,ln_idp,ln_total_best_deaths_L1_3,-0.008675902121077711,0.05865823093993569,-0.14790596276184292,0.8824425107640814,1280,0.6925,False,False,-0.0012136963902724552,0.008205865183587898
south,pre,ln_idp,ln_total_events_L1_3,-0.15213193222050958,0.16367647950548952,-0.9294672800889956,0.35283902360170316,1280,0.6925,False,False,-0.0057371104951546,0.006172471713695266
south,pre,ln_idp,ln_total_best_deaths_L10_12,-0.1266660615402445,0.0651202893680399,-1.945109009334507,0.052001570291900556,1280,0.6925,True,False,-0.019108146174010267,0.0098236891003594
south,pre,ln_idp,ln_total_events_L10_12,0.4389699834407314,0.263771681227145,1.664204365679103,0.0963398229197372,1280,0.6925,True,False,0.01793617661808732,0.01077762863022427
south,pre,ln_idp,W30_ln_total_best_deaths_L4_6,0.26080809729617127,0.4800975157265847,0.5432398393094401,0.5870683355361268,1280,0.6925,False,False,0.009306398169108224,0.01713128805306033
south,pre,ln_idp,W30_ln_total_events_L4_6,-1.6087755174455316,1.8874966125061248,-0.852332929651979,0.39420406612973014,1280,0.6925,False,False,-0.015451140158950313,0.01812805726661207
south,pre,ln_idp,W30_ln_total_best_deaths_L10_12,-1.0393402580428073,0.8049352692625646,-1.2912097378898442,0.19688644254554077,1280,0.6925,False,False,-0.03964063482195912,0.030700384034232666
south,pre,ln_idp,W30_ln_total_events_L10_12,6.67355254738317,3.789297730087554,1.7611581413606614,0.0784732720425656,1280,0.6925,True,False,0.06841761646410147,0.038848082325669164
south,pre,ln_idp,ndvi_anom_1m_L4_6,-0.2996856168336228,0.5510845874433328,-0.5438105576930856,0.5866756249594638,1280,0.6925,False,False,-0.002278916924507214,0.004190644871211535
south,pre,ln_idp,sm1_anom_1m_L1_3,1.6459155310934164,0.9551850736642173,1.7231378258241252,0.08512827225227348,1280,0.6925,True,False,0.01796056867813834,0.01042317591139196
south,pre,ln_idp,spi6_L4_6,0.04567887861858442,0.03951711927432143,1.1559263290800388,0.24794768079923202,1280,0.6925,False,False,0.017343072053978045,0.015003613653978093
south,pre,ln_idp,spi6_drought_severity_L4_6,0.004133484815074278,0.005740590874722326,0.7200451844208834,0.4716412368731877,1280,0.6925,False,False,0.0036409245873364987,0.005056522376807248
south,pre,ln_idp,spi6_flood_severity_L4_6,0.03765825420229255,0.018660396679497412,2.0180843338485137,0.04381074284684083,1280,0.6925,True,True,0.018358977632966313,0.009097230142981931
south,pre,ln_idp,t2m_max_anom_1m_L1_3,0.007655625799369501,0.017741745777827053,0.4315035225528486,0.6661819246142247,1280,0.6925,False,False,0.00293301254175849,0.006797192580042654
south,pre,ln_idp,ndvi_anom_1m_L7_9,-0.2674176484335101,0.4785438537453606,-0.5588153443838954,0.5763948665692171,1280,0.6925,False,False,-0.0020207782917618217,0.0036161825405667215
south,pre,ln_idp,sm1_anom_1m_L7_9,0.19349440576628457,0.33432764010637495,0.5787568317854884,0.5628648471543616,1280,0.6925,False,False,0.0027477860072659724,0.004747738352891559
south,pre,ln_idp,spi6_L10_12,-0.011374413290105639,0.024004967624203215,-0.47383581049437823,0.6357055524102027,1280,0.6925,False,False,-0.004460000109293333,0.009412543354711787
south,pre,ln_idp,spi6_drought_severity_L7_9,-0.00467776953079137,0.004259504263052443,-1.098195762208063,0.2723453474393551,1280,0.6925,False,False,-0.004181866494640467,0.0038079426624560006
south,pre,ln_idp,spi6_flood_severity_L7_9,-0.04285733734682552,0.016636191517909137,-2.5761507554591976,0.010112683442844439,1280,0.6925,True,True,-0.020890280518987277,0.008109106376914496
south,pre,ln_idp,t2m_max_anom_1m_L7_9,-0.020384992656466015,0.017199870009893807,-1.1851829487513594,0.2361861985707192,1280,0.6925,False,False,-0.007995025305442771,0.00674581533076043
south,pre,ln_idp,W30_ndvi_anom_1m_L1_3,1.1877580444219031,3.106853222205062,0.3823025934836092,0.7023064814054951,1280,0.6925,False,False,0.005536437773607441,0.014481821122787673
south,pre,ln_idp,W30_sm1_anom_1m_L1_3,-6.542036307194921,4.64118072976163,-1.409562929804485,0.1589349784664844,1280,0.6925,False,False,-0.05937580686544014,0.04212355873581034
south,pre,ln_idp,W30_spi6_L4_6,-0.2033192122932653,0.12165643931453232,-1.6712572999740758,0.09493874357544851,1280,0.6925,True,False,-0.06810854550242618,0.04075287838891275
south,pre,ln_idp,W30_spi6_drought_severity_L4_6,0.02612134323083341,0.025867483279421268,1.0098138635548708,0.3127936214502165,1280,0.6925,False,False,0.010893823339911055,0.010787951852395132
south,pre,ln_idp,W30_spi6_flood_severity_L4_6,0.0055637098135505195,0.04840071023251962,0.11495099528131214,0.9085037221913634,1280,0.6925,False,False,0.0014796074743846264,0.012871636915919506
south,pre,ln_idp,W30_t2m_max_anom_1m_L1_3,0.047475033064103896,0.050771796795845446,0.9350670265817475,0.34994703481850475,1280,0.6925,False,False,0.016905104747778704,0.01807902991679366
south,pre,ln_idp,W30_ndvi_anom_1m_L7_9,-3.1747686302723555,3.8530613456515033,-0.823960052921385,0.4101304722904606,1280,0.6925,False,False,-0.015931503220608385,0.019335285933004365
south,pre,ln_idp,W30_sm1_anom_1m_L10_12,0.6644258664130082,1.6649354332287003,0.3990700498964879,0.689914540734843,1280,0.6925,False,False,0.006588982481138336,0.016510841850565852
south,pre,ln_idp,W30_spi6_L7_9,0.15072200866380656,0.1360848009470463,1.1075594600932392,0.26828015043993014,1280,0.6925,False,False,0.052032598500823805,0.04697950798636442
south,pre,ln_idp,W30_spi6_drought_severity_L7_9,-0.004363126642399711,0.02733336079122771,-0.15962642412417868,0.873202961168583,1280,0.6925,False,False,-0.001886156520931726,0.011816066990665794
south,pre,ln_idp,W30_spi6_flood_severity_L7_9,0.08757479309981527,0.04575302879332427,1.914076410010109,0.05585455231658565,1280,0.6925,True,False,0.0240391681507538,0.012559147599873947
south,pre,ln_idp,W30_t2m_max_anom_1m_L7_9,0.03761059638424608,0.03148444126686002,1.194577221982794,0.23249477530122342,1280,0.6925,False,False,0.012681626700017537,0.010615995740290617
south,pre,ln_idp,inflation_food_price_index_L4_6,-0.0007022850347328496,0.004356662811798403,-0.16119793178186098,0.8719653871223199,1280,0.6925,False,False,-0.0009731589969051185,0.006037043938144525
south,pre,ln_idp,ln_c_fuel_gas_L4_6,-0.12724139365244908,0.3305082199718235,-0.3849870773661746,0.7003170819918467,1280,0.6925,False,False,-0.00505631142382119,0.013133717262441919
south,pre,ln_idp,inflation_food_price_index_L10_12,0.0032814448906210787,0.003541232084547426,0.9266393199530868,0.35430526005788643,1280,0.6925,False,False,0.0032883415000574696,0.0035486746884688092
south,pre,ln_idp,ln_c_fuel_gas_L7_9,0.29072592851356266,0.4563069705403122,0.6371279583332129,0.5241663563147059,1280,0.6925,False,False,0.011013739069370353,0.01728654177754707
south,pre,ln_idp,W30_inflation_food_price_index_L1_3,0.020192632049492253,0.016905442827950472,1.19444561464589,0.23254620488610445,1280,0.6925,False,False,0.017482362222413683,0.01463638193991492
south,pre,ln_idp,W30_ln_c_fuel_gas_L4_6,-0.2107550386453546,1.5190225750974995,-0.13874384890680586,0.8896764836287232,1280,0.6925,False,False,-0.0039006771279309392,0.02811423467537665
south,pre,ln_idp,W30_inflation_food_price_index_L7_9,-0.008990682403461821,0.022645310880417633,-0.3970218139613375,0.6914239081491398,1280,0.6925,False,False,-0.006109628131072497,0.015388645954016678
south,pre,ln_idp,W30_ln_c_fuel_gas_L7_9,0.3583745339424313,2.204225337256188,0.16258525291635323,0.8708731219734829,1280,0.6925,False,False,0.0060717470049522475,0.03734500451941995
south,pre,dlog_idp,ln_total_best_deaths_L1_3,-0.034662832431736804,0.04583085784882952,-0.7563208296486656,0.4496092475083162,1280,0.0454,False,False,-0.02087484612920757,0.027600517281673415
south,pre,dlog_idp,ln_total_events_L1_3,-0.11259997364586224,0.10621326300856244,-1.0601310086555287,0.28930398599576446,1280,0.0454,False,False,-0.01827994735787702,0.017243102228525393
south,pre,dlog_idp,ln_total_best_deaths_L10_12,-0.011104902342125918,0.036836088773253714,-0.3014680090083035,0.7631112577671302,1280,0.0454,False,False,-0.007211686682623336,0.02392189707407628
south,pre,dlog_idp,ln_total_events_L10_12,-0.03769838042159959,0.1324943284398653,-0.2845282576658337,0.7760559750047011,1280,0.0454,False,False,-0.006631038642992079,0.023305378163106568
south,pre,dlog_idp,W30_ln_total_best_deaths_L1_3,-0.3364854455797104,0.2071573132446555,-1.6242991391876023,0.1045815585709835,1280,0.0454,False,False,-0.050071890989427624,0.030826766930672152
south,pre,dlog_idp,W30_ln_total_events_L4_6,-0.8787025760962928,0.6415433417462572,-1.3696698553592606,0.17105301540980666,1280,0.0454,False,False,-0.036330452072699373,0.026524970182080845
south,pre,dlog_idp,W30_ln_total_best_deaths_L10_12,-0.12106304337918113,0.45843205839611534,-0.2640806661792721,0.7917643079105128,1280,0.0454,False,False,-0.019877339585375988,0.0752699539612725
south,pre,dlog_idp,W30_ln_total_events_L10_12,0.5540324400050469,1.704275371684759,0.3250838738914351,0.7451757624905215,1280,0.0454,False,False,0.02445174561757359,0.07521672891636418
south,pre,dlog_idp,ndvi_anom_1m_L4_6,0.1737854736894248,0.42344043975449286,0.410413029492847,0.6815781977839461,1280,0.0454,False,False,0.00568905175442956,0.013861771789895656
south,pre,dlog_idp,sm1_anom_1m_L1_3,0.8415833401570588,0.4916047081475535,1.7119106595383955,0.08717836274296165,1280,0.0454,True,False,0.0395342485707528,0.02309364005094339
south,pre,dlog_idp,spi6_L4_6,0.018741656493569393,0.016105037852600663,1.1637139052450576,0.2447774340978126,1280,0.0454,False,False,0.03063249611268103,0.026323047249513072
south,pre,dlog_idp,spi6_drought_severity_L4_6,-0.0037237003681832585,0.0029726071188583775,-1.2526715503572288,0.21057579071530386,1280,0.0454,False,False,-0.014119973565240737,0.011271888118808233
south,pre,dlog_idp,spi6_flood_severity_L4_6,0.0020683161903064075,0.005725966848523357,0.36121693419161094,0.7180025535384558,1280,0.0454,False,False,0.004340792842504141,0.012017135498419148
south,pre,dlog_idp,t2m_max_anom_1m_L1_3,-0.010943418559218637,0.014630934434594503,-0.7479644316731526,0.4546320510014028,1280,0.0454,False,False,-0.018048871448955697,0.02413065472723272
south,pre,dlog_idp,ndvi_anom_1m_L7_9,0.38852742345610486,0.31481859964463593,1.234131096112716,0.2174021000274935,1280,0.0454,False,False,0.012639040316243366,0.010241246133456972
south,pre,dlog_idp,sm1_anom_1m_L7_9,0.6023463772545115,0.46597299935334874,1.2926636910087368,0.19638283271922785,1280,0.0454,False,False,0.03682346190512651,0.02848649819845341
south,pre,dlog_idp,spi6_L7_9,0.012011970508411823,0.026504427065729533,0.4532061937661505,0.6504843803777298,1280,0.0454,False,False,0.02007116031020306,0.044287038849604866
south,pre,dlog_idp,spi6_drought_severity_L10_12,0.003020518859080358,0.003779285377072712,0.7992301606553815,0.4243193230666469,1280,0.0454,False,False,0.01170876713164567,0.014650056652071657
south,pre,dlog_idp,spi6_flood_severity_L7_9,-0.022066902984075376,0.007376780618661102,-2.9914001953985934,0.0028352166936804757,1280,0.0454,True,True,-0.04630461639277632,0.015479244958264901
south,pre,dlog_idp,t2m_max_anom_1m_L10_12,0.01612866690520715,0.014035982105148564,1.1490942909716992,0.25075215367769554,1280,0.0454,False,False,0.028529909341686175,0.024828170817523303
south,pre,dlog_idp,W30_ndvi_anom_1m_L4_6,10.346602070276097,7.502100299783993,1.3791607225744509,0.16810900003450158,1280,0.0454,False,False,0.2149408251540524,0.15584900413406988
south,pre,dlog_idp,W30_sm1_anom_1m_L4_6,-2.7454945690239656,1.5102978666400049,-1.817849729955543,0.06934297267677736,1280,0.0454,True,False,-0.1100294620422382,0.06052725933783814
south,pre,dlog_idp,W30_spi6_L1_3,0.026817956165387635,0.03458941055226952,0.7753227284651725,0.43830578894292005,1280,0.0454,False,False,0.03733299658576762,0.04815155704215192
south,pre,dlog_idp,W30_spi6_drought_severity_L4_6,0.018574469342402266,0.025175252236515327,0.7378066828447111,0.4607800051003488,1280,0.0454,False,False,0.03334763630691377,0.04519833864656466
south,pre,dlog_idp,W30_spi6_flood_severity_L1_3,-0.021218793972918308,0.02721013816214184,-0.77981206293324,0.4356593551078287,1280,0.0454,False,False,-0.023549864794402797,0.030199410747534062
south,pre,dlog_idp,W30_t2m_max_anom_1m_L4_6,0.04322840508440362,0.05552395213317045,0.7785541810986943,0.43639993631086327,1280,0.0454,False,False,0.06484932391879339,0.08329455482119193
south,pre,dlog_idp,W30_ndvi_anom_1m_L10_12,9.961016602649135,6.061397881493872,1.643353034629394,0.10057881963506254,1280,0.0454,False,False,0.2207062537980269,0.13430239829617632
south,pre,dlog_idp,W30_sm1_anom_1m_L7_9,-6.617386945996083,2.9803764201712704,-2.2203191855932776,0.026588290423032568,1280,0.0454,True,True,-0.2759234633264117,0.12427198085606955
south,pre,dlog_idp,W30_spi6_L10_12,-0.20147726680943187,0.0766013468953432,-2.6302052767388115,0.00864544626197028,1280,0.0454,True,True,-0.30012191910650265,0.11410589194719564
south,pre,dlog_idp,W30_spi6_drought_severity_L7_9,0.0017147334578645603,0.027140691225645865,0.06317943207888048,0.9496344237281573,1280,0.0454,False,False,0.0031910995391131814,0.05050851889787558
south,pre,dlog_idp,W30_spi6_flood_severity_L7_9,0.02067871267964703,0.0434509125785891,0.4759097439494674,0.6342276034638412,1280,0.0454,False,False,0.024435860270122324,0.05134557672077617
south,pre,dlog_idp,W30_t2m_max_anom_1m_L7_9,0.006969693483081165,0.029112143648759994,0.23940846016600476,0.8108308381930147,1280,0.0454,False,False,0.01011677852677647,0.04225739775345257
south,pre,dlog_idp,inflation_food_price_index_L1_3,-0.005050330622635539,0.00250663321325273,-2.0147864457927542,0.04415564232047453,1280,0.0454,True,True,-0.030901334700831853,0.015337275454358718
south,pre,dlog_idp,ln_c_fuel_gas_L4_6,0.07376510116986594,0.12096635044946319,0.6097985174867553,0.5421137919860084,1280,0.0454,False,False,0.012618861064076344,0.020693492526161192
south,pre,dlog_idp,inflation_food_price_index_L10_12,0.00205480574194252,0.0019762696023086592,1.039739587929762,0.2986758989216032,1280,0.0454,False,False,0.008864339640476884,0.008525538263024858
south,pre,dlog_idp,ln_c_fuel_gas_L7_9,-0.5138875546287657,0.4723468473499195,-1.087945346755056,0.27684348550161486,1280,0.0454,False,False,-0.08380750966184393,0.07703283065809431
south,pre,dlog_idp,W30_inflation_food_price_index_L1_3,0.006909824723955616,0.010146002167061099,0.6810391531738774,0.49598159360631366,1280,0.0454,False,False,0.025753605128780385,0.03781516085934223
south,pre,dlog_idp,W30_ln_c_fuel_gas_L4_6,1.814498386016696,0.9717932175868645,1.8671651058878744,0.06212866708733267,1280,0.0454,True,False,0.1445714185675426,0.07742829924983843
south,pre,dlog_idp,W30_inflation_food_price_index_L7_9,0.01002905586071943,0.022209836533700202,0.4515591929504656,0.6516703337996264,1280,0.0454,False,False,0.029339046122610332,0.06497275790336687
south,pre,dlog_idp,W30_ln_c_fuel_gas_L7_9,2.457075415296579,2.1176378259623543,1.1602906716024344,0.24616738486367407,1280,0.0454,False,False,0.17920859352595936,0.15445146454419137
south,post,ln_idp,ln_idp_L1,0.9294730649276811,0.011767990960773841,78.98315592065688,0.0,1480,0.8976,True,True,0.9301463072918542,0.01177651483344423
south,post,ln_idp,ln_total_best_deaths_L1_3,-0.02345711040857385,0.034785288464169555,-0.6743399708395621,0.5002095495356582,1480,0.8976,False,False,-0.001293982854925212,0.001918887965834483
south,post,ln_idp,ln_total_events_L1_3,0.09753341157882604,0.1123115623799096,0.8684182599909492,0.3853182807575082,1480,0.8976,False,False,0.0022027432024179184,0.002536500329277825
south,post,ln_idp,ln_total_best_deaths_L10_12,0.1606360658056883,0.07181304899649059,2.2368645817216084,0.02545636926794459,1480,0.8976,True,True,0.012068566301993731,0.005395304839019414
south,post,ln_idp,ln_total_events_L10_12,-0.5438969487020128,0.2596556812237042,-2.094685339210517,0.03638320272561457,1480,0.8976,True,True,-0.013259181637848772,0.006329915710798897
south,post,ln_idp,W30_ln_total_best_deaths_L4_6,-0.09418052606168456,0.4796850821127701,-0.196338242679691,0.8443746992808574,1480,0.8976,False,False,-0.0012111154706867674,0.006168515385271112
south,post,ln_idp,W30_ln_total_events_L4_6,0.5782109357670594,1.599499589491321,0.3614948947570185,0.7177855486864275,1480,0.8976,False,False,0.0027500344872495564,0.007607395089488089
south,post,ln_idp,W30_ln_total_best_deaths_L10_12,1.4105294906371084,0.6323582086160031,2.2305861953215294,0.0258707825104445,1480,0.8976,True,True,0.019647359626559183,0.008808159786771701
south,post,ln_idp,W30_ln_total_events_L10_12,-5.003077968984568,2.4212201331569454,-2.0663457652903405,0.03898438714908159,1480,0.8976,True,True,-0.022789480856934607,0.011028880664477022
south,post,ln_idp,ndvi_anom_1m_L4_6,0.5586326786167964,0.27811513652573805,2.008638169052327,0.04477244613960463,1480,0.8976,True,True,0.010401149071845516,0.005178209411779108
south,post,ln_idp,sm1_anom_1m_L1_3,-0.16809497375667473,0.22141745301060536,-0.7591767110997496,0.44787812460046883,1480,0.8976,False,False,-0.003535487764316535,0.004657002398288796
south,post,ln_idp,spi6_L4_6,0.0023363036067370296,0.011872364034529998,0.19678503792016844,0.8440250979339199,1480,0.8976,False,False,0.0014366527714380585,0.0073006199384979585
south,post,ln_idp,spi6_drought_severity_L4_6,0.0002281299918982381,0.0025452031372451022,0.08963134948244772,0.9285933398283723,1480,0.8976,False,False,0.00031335250924420635,0.003496014631639228
south,post,ln_idp,spi6_flood_severity_L4_6,0.0009282238473102838,0.0008609820499023022,1.0780989538813401,0.2811803575698275,1480,0.8976,False,False,0.004485146347222303,0.004160236248328608
south,post,ln_idp,t2m_max_anom_1m_L1_3,-0.0049481930101243675,0.006852930610031475,-0.7220550289654313,0.47038450039109714,1480,0.8976,False,False,-0.004624520106090004,0.006404664354621377
south,post,ln_idp,ndvi_anom_1m_L7_9,-0.2961671728223803,0.26598864458135607,-1.1134579571564895,0.2657081150734468,1480,0.8976,False,False,-0.005185211279170864,0.00465685412353842
south,post,ln_idp,sm1_anom_1m_L7_9,0.034398849303817716,0.18406454967179134,0.18688470629002105,0.8517788431977598,1480,0.8976,False,False,0.0007210803938200563,0.0038584237743939957
south,post,ln_idp,spi6_L10_12,-0.024256419278775698,0.01535898409774711,-1.579298417421611,0.11449965334137979,1480,0.8976,False,False,-0.015260327761570307,0.009662725925151357
south,post,ln_idp,spi6_drought_severity_L7_9,-0.0016742625425769304,0.002240994665526449,-0.7471068844260799,0.4551279034116438,1480,0.8976,False,False,-0.0020941186971621057,0.002802970687080185
south,post,ln_idp,spi6_flood_severity_L7_9,0.0009627693780011518,0.0009023004587828726,1.067016389750978,0.2861533903478206,1480,0.8976,False,False,0.004701994995116209,0.004406675511529461
south,post,ln_idp,t2m_max_anom_1m_L7_9,0.006477511569085139,0.007627947386645158,0.8491814692410993,0.3959294429024953,1480,0.8976,False,False,0.005636451049095903,0.006637510653798316
south,post,ln_idp,W30_ndvi_anom_1m_L1_3,-3.6022442752650665,1.8258256628824385,-1.972939886044864,0.048704208903801005,1480,0.8976,True,True,-0.04476294129300998,0.022688446622033617
south,post,ln_idp,W30_sm1_anom_1m_L1_3,-0.9183799266766015,1.2197243789709988,-0.752940535181709,0.45161567208094855,1480,0.8976,False,False,-0.01664370703919985,0.022104942238477282
south,post,ln_idp,W30_spi6_L4_6,0.07588801644372904,0.0560970716748149,1.3527981796204775,0.17634447139953546,1480,0.8976,False,False,0.042316958560512555,0.03128105817852625
south,post,ln_idp,W30_spi6_drought_severity_L4_6,-0.01588653571449085,0.016153523975497307,-0.9834718256269379,0.3255498136490158,1480,0.8976,False,False,-0.012670835219589692,0.012883780591795155
south,post,ln_idp,W30_spi6_flood_severity_L4_6,0.0030441750681443843,0.007741904689729878,0.3932075103149582,0.6942277158013841,1480,0.8976,False,False,0.014119418175208835,0.035908312544435425
south,post,ln_idp,W30_t2m_max_anom_1m_L1_3,-0.05616456582460672,0.04042831964703162,-1.389238195279049,0.16498724286893984,1480,0.8976,False,False,-0.05137249654151466,0.03697889729499969
south,post,ln_idp,W30_ndvi_anom_1m_L7_9,2.8737493100226676,1.5156159699232503,1.8960933158867364,0.05815902831246467,1480,0.8976,True,False,0.03146699306935308,0.01659569853746205
south,post,ln_idp,W30_sm1_anom_1m_L10_12,-1.7514422366832028,1.3176265933828093,-1.3292402001288064,0.18399118124021996,1480,0.8976,False,False,-0.03055002452584356,0.022983072978746202
south,post,ln_idp,W30_spi6_L7_9,-0.0032576968035788576,0.0534330260350739,-0.06096785163244315,0.9513937502738252,1480,0.8976,False,False,-0.0017868655124722752,0.029308323397136415
south,post,ln_idp,W30_spi6_drought_severity_L7_9,-0.0086834203431126,0.014537996657649162,-0.5972913976798737,0.550412055422862,1480,0.8976,False,False,-0.006010729730666004,0.010063312068471369
south,post,ln_idp,W30_spi6_flood_severity_L7_9,-0.009242121502488666,0.005840405398031932,-1.5824452024517042,0.11377996889828834,1480,0.8976,False,False,-0.04303967505105707,0.027198208812776018
south,post,ln_idp,W30_t2m_max_anom_1m_L7_9,0.13523462558645397,0.04594612156282039,2.943330600855021,0.0033019744048976563,1480,0.8976,True,True,0.12225960950823922,0.04153784473708916
south,post,ln_idp,inflation_food_price_index_L4_6,0.0015619692250106061,0.0007365232844111748,2.1207329870899425,0.03412444350426491,1480,0.8976,True,True,0.0066829889600836445,0.003151263737946569
south,post,ln_idp,ln_c_fuel_gas_L4_6,0.2718614390728602,0.15802311985549952,1.7203902778369229,0.08558849571958227,1480,0.8976,True,False,0.014052163291080751,0.008168009010576825
south,post,ln_idp,inflation_food_price_index_L10_12,0.0018882863487027733,0.0006906411456638637,2.7341063598052786,0.006335966155573525,1480,0.8976,True,True,0.007744248168843761,0.0028324604641186313
south,post,ln_idp,ln_c_fuel_gas_L7_9,-0.5131911933914869,0.3107216925013029,-1.651610446828829,0.09884433489838385,1480,0.8976,True,False,-0.027738422805528754,0.016794773161424265
south,post,ln_idp,W30_inflation_food_price_index_L1_3,-0.009210799538959254,0.004976197917231733,-1.8509713022192729,0.06438990003857303,1480,0.8976,True,False,-0.029768626406994254,0.01608270553481966
south,post,ln_idp,W30_ln_c_fuel_gas_L4_6,1.2915836019913753,1.0409850529512137,1.2407321299472165,0.2149182369469187,1480,0.8976,False,False,0.032100538857247486,0.02587225564845581
south,post,ln_idp,W30_inflation_food_price_index_L7_9,0.0033521131541923615,0.005611789917812265,0.5973340419520141,0.5503835977041618,1480,0.8976,False,False,0.010249252214681329,0.0171583259865586
south,post,ln_idp,W30_ln_c_fuel_gas_L7_9,-0.48122587505993425,1.2280766567304617,-0.3918532873518772,0.6952278765868907,1480,0.8976,False,False,-0.012459104964893483,0.03179533097474166
south,post,dlog_idp,ln_total_best_deaths_L1_3,0.026660603186621043,0.05332711096438613,0.49994463799897215,0.6171947007796539,1480,0.0563,False,False,0.018516991411664553,0.03703808382819904
south,post,dlog_idp,ln_total_events_L1_3,0.0010326170787826833,0.1225520176338542,0.008425949231352594,0.9932783768884512,1480,0.0563,False,False,0.0002936271447903691,0.034847960357723876
south,post,dlog_idp,ln_total_best_deaths_L10_12,0.09048643975268762,0.05162058580107194,1.7529138491645828,0.07984143640276953,1480,0.0563,True,False,0.08559385105374172,0.048829468199212814
south,post,dlog_idp,ln_total_events_L10_12,-0.28654547949434567,0.18228501612206566,-1.5719639803112662,0.11619082403030356,1480,0.0563,False,False,-0.0879508626058448,0.055949667872434036
south,post,dlog_idp,W30_ln_total_best_deaths_L1_3,0.5477059023417717,0.612023353833781,0.8949101352274913,0.37099301571495635,1480,0.0563,False,False,0.06376318662619634,0.07125093807322606
south,post,dlog_idp,W30_ln_total_events_L4_6,0.7620744828265015,1.3179574081463745,0.5782239077803827,0.5632084093023484,1480,0.0563,False,False,0.045634752882897284,0.07892228645141042
south,post,dlog_idp,W30_ln_total_best_deaths_L10_12,0.584965132231616,0.43738205948928155,1.3374236998075846,0.18130734111479363,1480,0.0563,False,False,0.10258844528527979,0.07670601717319592
south,post,dlog_idp,W30_ln_total_events_L10_12,-1.7534492478506498,1.479328436998521,-1.1853008459759657,0.23610497828479327,1480,0.0563,False,False,-0.10056267223922567,0.084841475124759
south,post,dlog_idp,ndvi_anom_1m_L4_6,0.4357276867812163,0.27011516752853504,1.6131181775832188,0.10695015102168548,1480,0.0563,False,False,0.10214487570031244,0.06332138408690327
south,post,dlog_idp,sm1_anom_1m_L1_3,-0.21637460969655542,0.24978419561873724,-0.8662461976850723,0.38650750783279264,1480,0.0563,False,False,-0.05729904089036632,0.0661463692925757
south,post,dlog_idp,spi6_L4_6,0.0147628779423177,0.01571587829098305,0.939360668807665,0.3477119112257365,1480,0.0563,False,False,0.11429836257556714,0.12167675991868662
south,post,dlog_idp,spi6_drought_severity_L4_6,0.0007671746766182026,0.0015898270733768762,0.4825522784617595,0.629491100314167,1480,0.0563,False,False,0.013267573273445668,0.027494582174057796
south,post,dlog_idp,spi6_flood_severity_L4_6,-0.00018057720053370175,0.0008795734850559436,-0.20530086866160646,0.8373676986351568,1480,0.0563,False,False,-0.010985839671569608,0.05351092639397138
south,post,dlog_idp,t2m_max_anom_1m_L1_3,-0.0025169003132916334,0.0058364651907480344,-0.4312370983179038,0.6663641254268153,1480,0.0563,False,False,-0.029616415851827973,0.0686778015327314
south,post,dlog_idp,ndvi_anom_1m_L7_9,-0.3371764314837299,0.26966466221379604,-1.2503545281599004,0.21138452575441424,1480,0.0563,False,False,-0.07432470455979694,0.05944290430105275
south,post,dlog_idp,sm1_anom_1m_L7_9,-0.1314702561722021,0.1853470669389439,-0.7093193237069695,0.4782475639322423,1480,0.0563,False,False,-0.03469874166752998,0.04891836512530223
south,post,dlog_idp,spi6_L7_9,-0.0016134616191557528,0.009063183949223983,-0.17802370868726572,0.8587307908041024,1480,0.0563,False,False,-0.012500798905679619,0.07021985441073905
south,post,dlog_idp,spi6_drought_severity_L10_12,0.0014857344070164497,0.0020834996871475662,0.7130955748068806,0.4759085947861972,1480,0.0563,False,False,0.022573177700106466,0.03165519251219543
south,post,dlog_idp,spi6_flood_severity_L7_9,0.0006138615262014147,0.0009046158260595209,0.6785880906764332,0.49751400183833816,1480,0.0563,False,False,0.03774650560778465,0.055625063461043074
south,post,dlog_idp,t2m_max_anom_1m_L10_12,-0.0028541870765951536,0.008148026679633309,-0.3502918177390654,0.7261737896883727,1480,0.0563,False,False,-0.03002907691050243,0.08572588735963932
south,post,dlog_idp,W30_ndvi_anom_1m_L4_6,3.4961804995975623,2.1498168308152956,1.6262690148684307,0.10412342864583657,1480,0.0563,False,False,0.5048744946614824,0.3104495566511965
south,post,dlog_idp,W30_sm1_anom_1m_L4_6,0.2573377467979573,1.1333037642051165,0.227068642076249,0.8204043938625005,1480,0.0563,False,False,0.05894029377155743,0.25957038027190665
south,post,dlog_idp,W30_spi6_L1_3,-0.044279944284022446,0.05590360399100342,-0.7920767378637775,0.4284536608338194,1480,0.0563,False,False,-0.321036631811029,0.4053100115992061
south,post,dlog_idp,W30_spi6_drought_severity_L4_6,-0.0164607378485304,0.02381644315510544,-0.6911501327603478,0.4895888049278385,1480,0.0563,False,False,-0.165299592245044,0.2391659704742626
south,post,dlog_idp,W30_spi6_flood_severity_L1_3,0.010899513464071236,0.010807864966452448,1.0084797966946537,0.31340304469623925,1480,0.0563,False,False,0.6300373345025255,0.6247396691212918
south,post,dlog_idp,W30_t2m_max_anom_1m_L4_6,0.10993670100209238,0.07482293941052819,1.4692913947005857,0.1419843642439842,1480,0.0563,False,False,1.2598132182193746,0.8574291136280024
south,post,dlog_idp,W30_ndvi_anom_1m_L10_12,0.9654722781530726,1.1669083715911308,0.8273762547753503,0.40816855735178903,1480,0.0563,False,False,0.13075522881914356,0.15803599398032797
south,post,dlog_idp,W30_sm1_anom_1m_L7_9,-0.315591391460509,0.9584461237302218,-0.32927400262441875,0.741999144727179,1480,0.0563,False,False,-0.07186627194249266,0.21825674474661094
south,post,dlog_idp,W30_spi6_L10_12,0.046257366926316976,0.052980555115558825,0.8731008353049995,0.3827617949319333,1480,0.0563,False,False,0.3023999482277636,0.34635168814393186
south,post,dlog_idp,W30_spi6_drought_severity_L7_9,-0.009421311671986645,0.010237887890834825,-0.9202397772318647,0.35761018871480355,1480,0.0563,False,False,-0.082109648175814,0.08922636274515826
south,post,dlog_idp,W30_spi6_flood_severity_L7_9,-0.01445994308383874,0.006861372035442636,-2.1074419240270665,0.03526140694156532,1480,0.0563,True,True,-0.8478330414288482,0.402304344315568
south,post,dlog_idp,W30_t2m_max_anom_1m_L7_9,0.1419320481074407,0.052261740982976895,2.7157925747952394,0.0066952230408861,1480,0.0563,True,True,1.6155559953279466,0.5948745903209318
south,post,dlog_idp,inflation_food_price_index_L1_3,0.0022184297171027687,0.0007421664837638195,2.989126787095309,0.0028478361905803773,1480,0.0563,True,True,0.12403229912674062,0.041494492526116394
south,post,dlog_idp,ln_c_fuel_gas_L4_6,0.22799086135402385,0.15304918538216042,1.4896574639370719,0.13654550506909913,1480,0.0563,False,False,0.14837456539018962,0.09960314299237952
south,post,dlog_idp,inflation_food_price_index_L10_12,0.0022935285339654695,0.0006684694210765217,3.431014885126544,0.0006192962503599464,1480,0.0563,True,True,0.11843007384034489,0.03451750511306129
south,post,dlog_idp,ln_c_fuel_gas_L7_9,-0.4356459537975682,0.2619356635768483,-1.6631792244272066,0.09650629338790395,1480,0.0563,True,False,-0.2964713271461042,0.17825579035128214
south,post,dlog_idp,W30_inflation_food_price_index_L1_3,-0.005180805054950979,0.005602615082731728,-0.9247119387014746,0.35527932927844486,1480,0.0563,False,False,-0.2108167724867573,0.2279810216171713
south,post,dlog_idp,W30_ln_c_fuel_gas_L4_6,0.9461338320711208,0.9232044919510383,1.0248366860430078,0.3056219665598987,1480,0.0563,False,False,0.29606619125120415,0.2888910938525668
south,post,dlog_idp,W30_inflation_food_price_index_L7_9,0.00028524585821484614,0.004014085887079786,0.07106122445784539,0.9433594456821441,1480,0.0563,False,False,0.010980934510769626,0.15452779760759233
south,post,dlog_idp,W30_ln_c_fuel_gas_L7_9,-0.8010552488235806,0.9681571546285886,-0.8274020854918819,0.40815392641454706,1480,0.0563,False,False,-0.26112399912494866,0.3155950458714558
