term,beta_std_north_pooled,beta_std_north_post,beta_std_north_pre,beta_std_south_pooled,beta_std_south_post,beta_std_south_pre,pval_north_pooled,pval_north_post,pval_north_pre,pval_south_pooled,pval_south_post,pval_south_pre
W30_inflation_food_price_index_L10_12,0.0056,0.0131,-0.1137,,,,0.8239,0.7776,0.186,,,
W30_inflation_food_price_index_L1_3,0.0002,-0.0269,0.0346,-0.0109,-0.2108,0.0258,0.9969,0.75,0.4906,0.7482,0.3553,0.496
W30_inflation_food_price_index_L7_9,,,,0.0328,0.011,0.0293,,,,0.2316,0.9434,0.6517
W30_ln_c_fuel_gas_L1_3,-0.0716,0.0053,-0.1092,,,,0.0287,0.9474,0.0179,,,
W30_ln_c_fuel_gas_L4_6,,,,-0.064,0.2961,0.1446,,,,0.1336,0.3056,0.0621
W30_ln_c_fuel_gas_L7_9,0.0544,0.0571,0.13,0.0951,-0.2611,0.1792,0.0926,0.3834,0.0689,0.248,0.4082,0.2462
W30_ln_total_best_deaths_L10_12,-0.1007,-0.145,-0.0681,0.0533,0.1026,-0.0199,0.418,0.1695,0.7472,0.2453,0.1813,0.7918
W30_ln_total_best_deaths_L1_3,0.0432,0.0496,0.0315,0.0049,0.0638,-0.0501,0.6583,0.6059,0.809,0.8255,0.371,0.1046
W30_ln_total_events_L10_12,0.0448,0.1284,-0.048,-0.032,-0.1006,0.0245,0.7104,0.2732,0.8018,0.4847,0.2361,0.7452
W30_ln_total_events_L1_3,-0.0002,-0.0436,0.022,,,,0.9978,0.6097,0.84,,,
W30_ln_total_events_L4_6,,,,-0.0026,0.0456,-0.0363,,,,0.8939,0.5632,0.1711
W30_ndvi_anom_1m_L10_12,,,,0.0331,0.1308,0.2207,,,,0.2501,0.4082,0.1006
W30_ndvi_anom_1m_L1_3,0.0052,0.0649,0.0126,,,,0.8788,0.4985,0.8081,,,
W30_ndvi_anom_1m_L4_6,,,,0.0687,0.5049,0.2149,,,,0.2381,0.1041,0.1681
W30_ndvi_anom_1m_L7_9,0.0401,-0.0828,0.0938,,,,0.3411,0.3239,0.2141,,,
W30_sm1_anom_1m_L10_12,-0.0062,0.2194,-0.0207,,,,0.8863,0.2021,0.7641,,,
W30_sm1_anom_1m_L1_3,-0.0641,-0.2205,0.0575,,,,0.3864,0.0488,0.6496,,,
W30_sm1_anom_1m_L4_6,,,,0.0174,0.0589,-0.11,,,,0.7556,0.8204,0.0693
W30_sm1_anom_1m_L7_9,,,,-0.0493,-0.0719,-0.2759,,,,0.3222,0.742,0.0266
W30_spi6_L10_12,,,,0.0302,0.3024,-0.3001,,,,0.6295,0.3828,0.0086
W30_spi6_L1_3,0.0205,0.0539,-0.1206,0.0495,-0.321,0.0373,0.7418,0.8206,0.3174,0.5776,0.4285,0.4383
W30_spi6_L7_9,0.141,-0.0676,0.2377,,,,0.0856,0.5541,0.1026,,,
W30_spi6_drought_severity_L10_12,0.0467,0.0159,0.0731,,,,0.1725,0.799,0.2638,,,
W30_spi6_drought_severity_L1_3,-0.0232,0.0415,-0.0479,,,,0.5256,0.4448,0.4015,,,
W30_spi6_drought_severity_L4_6,,,,-0.0509,-0.1653,0.0333,,,,0.252,0.4896,0.4608
W30_spi6_drought_severity_L7_9,,,,-0.05,-0.0821,0.0032,,,,0.0083,0.3576,0.9496
W30_spi6_flood_severity_L1_3,,,,0.2436,0.63,-0.0235,,,,0.0119,0.3134,0.4357
W30_spi6_flood_severity_L4_6,0.0021,-0.0722,-0.0235,,,,0.9691,0.4385,0.398,,,
W30_spi6_flood_severity_L7_9,-0.1765,-0.057,-0.0686,-0.0206,-0.8478,0.0244,0.0058,0.7851,0.0368,0.8842,0.0353,0.6342
W30_t2m_max_anom_1m_L10_12,-0.1146,-0.0866,-0.0026,,,,0.0746,0.7484,0.966,,,
W30_t2m_max_anom_1m_L1_3,-0.1055,-0.0179,-0.0848,,,,0.1209,0.9343,0.1261,,,
W30_t2m_max_anom_1m_L4_6,,,,0.204,1.2598,0.0648,,,,0.1307,0.142,0.4364
W30_t2m_max_anom_1m_L7_9,,,,0.208,1.6156,0.0101,,,,0.0002,0.0067,0.8108
inflation_food_price_index_L10_12,0.0087,0.0218,-0.008,0.0125,0.1184,0.0089,0.4233,0.2999,0.7648,0.0975,0.0006,0.2987
inflation_food_price_index_L1_3,,,,0.0081,0.124,-0.0309,,,,0.4562,0.0028,0.0442
inflation_food_price_index_L4_6,0.0179,0.0064,0.0308,,,,0.3724,0.7972,0.3752,,,
ln_c_fuel_gas_L4_6,0.0101,0.0126,0.0222,0.042,0.1484,0.0126,0.5675,0.5645,0.4493,0.1025,0.1365,0.5421
ln_c_fuel_gas_L7_9,-0.0631,-0.0698,-0.0899,-0.0844,-0.2965,-0.0838,0.049,0.1551,0.0059,0.0391,0.0965,0.2768
ln_total_best_deaths_L10_12,-0.0225,-0.0094,-0.0507,0.0168,0.0856,-0.0072,0.5768,0.8355,0.2826,0.449,0.0798,0.7631
ln_total_best_deaths_L1_3,,,,-0.0273,0.0185,-0.0209,,,,0.4517,0.6172,0.4496
ln_total_best_deaths_L4_6,-0.028,0.0921,-0.0913,,,,0.3576,0.1913,0.141,,,
ln_total_events_L10_12,0.0446,0.0164,0.0851,-0.0261,-0.088,-0.0066,0.1998,0.7437,0.0876,0.2093,0.1162,0.7761
ln_total_events_L1_3,,,,-0.0019,0.0003,-0.0183,,,,0.9193,0.9933,0.2893
ln_total_events_L4_6,0.0376,-0.1071,0.1082,,,,0.2122,0.1697,0.1259,,,
ndvi_anom_1m_L10_12,-0.0263,-0.0907,-0.0359,,,,0.4317,0.2347,0.2699,,,
ndvi_anom_1m_L1_3,0.0016,-0.0204,0.0064,,,,0.9065,0.5277,0.8106,,,
ndvi_anom_1m_L4_6,,,,0.018,0.1021,0.0057,,,,0.187,0.107,0.6816
ndvi_anom_1m_L7_9,,,,-0.0149,-0.0743,0.0126,,,,0.1981,0.2114,0.2174
sm1_anom_1m_L10_12,0.0475,0.0674,0.0624,,,,0.028,0.2662,0.1187,,,
sm1_anom_1m_L1_3,-0.005,-0.0053,0.0175,-0.0078,-0.0573,0.0395,0.8926,0.9626,0.3919,0.6452,0.3865,0.0872
sm1_anom_1m_L7_9,,,,0.006,-0.0347,0.0368,,,,0.7058,0.4782,0.1964
spi6_L10_12,0.0008,-0.0805,0.127,,,,0.984,0.3476,0.0501,,,
spi6_L4_6,0.024,0.0666,0.0378,-0.0112,0.1143,0.0306,0.5617,0.6593,0.3389,0.6616,0.3477,0.2448
spi6_L7_9,,,,0.0235,-0.0125,0.0201,,,,0.4539,0.8587,0.6505
spi6_drought_severity_L10_12,,,,0.0092,0.0226,0.0117,,,,0.3814,0.4759,0.4243
spi6_drought_severity_L4_6,-0.0165,-0.0258,-0.0118,0.0055,0.0133,-0.0141,0.2553,0.1179,0.5206,0.4798,0.6295,0.2106
spi6_drought_severity_L7_9,0.0055,0.0235,0.0069,,,,0.5928,0.4154,0.6121,,,
spi6_flood_severity_L10_12,0.0116,0.074,-0.0259,,,,0.6893,0.3623,0.0123,,,
spi6_flood_severity_L4_6,0.0054,0.0606,-0.0153,-0.0251,-0.011,0.0043,0.8623,0.3978,0.1684,0.0363,0.8374,0.718
spi6_flood_severity_L7_9,,,,-0.015,0.0377,-0.0463,,,,0.4849,0.4975,0.0028
t2m_max_anom_1m_L10_12,0.0828,0.1415,0.0724,0.0437,-0.03,0.0285,0.1131,0.2091,0.1409,0.1456,0.7262,0.2508
t2m_max_anom_1m_L1_3,0.0673,0.1164,0.052,-0.0256,-0.0296,-0.018,0.0046,0.0438,0.0847,0.2661,0.6664,0.4546
