outcome,region,sample,term,beta_std,pval,sig90,sig95
dlog_idp,north,pooled,W30_inflation_food_price_index_L10_12,0.005628413415611032,0.8239055444746821,False,False
dlog_idp,north,pooled,W30_inflation_food_price_index_L1_3,0.00018861642044562695,0.9968881764611344,False,False
dlog_idp,north,pooled,W30_ln_c_fuel_gas_L1_3,-0.07159228557669654,0.02873539547486126,True,True
dlog_idp,north,pooled,W30_ln_c_fuel_gas_L7_9,0.054434004743378846,0.09256403000823132,True,False
dlog_idp,north,pooled,W30_ln_total_best_deaths_L10_12,-0.10073587532777635,0.41797496452028904,False,False
dlog_idp,north,pooled,W30_ln_total_best_deaths_L1_3,0.043201276475055665,0.6583248683356491,False,False
dlog_idp,north,pooled,W30_ln_total_events_L10_12,0.04478829237854233,0.7104382423574074,False,False
dlog_idp,north,pooled,W30_ln_total_events_L1_3,-0.00019524510899977536,0.9978253402970114,False,False
dlog_idp,north,pooled,W30_ndvi_anom_1m_L1_3,0.005227657187021956,0.8788465065206155,False,False
dlog_idp,north,pooled,W30_ndvi_anom_1m_L7_9,0.04009347670175337,0.3411252488964187,False,False
dlog_idp,north,pooled,W30_sm1_anom_1m_L10_12,-0.00619161688584143,0.886325294622849,False,False
dlog_idp,north,pooled,W30_sm1_anom_1m_L1_3,-0.06406986058701915,0.3863669661393563,False,False
dlog_idp,north,pooled,W30_spi6_L1_3,0.020503389334407405,0.7418195590025618,False,False
dlog_idp,north,pooled,W30_spi6_L7_9,0.14101502037230348,0.0855767243468073,True,False
dlog_idp,north,pooled,W30_spi6_drought_severity_L10_12,0.04672675279722418,0.1725087277870554,False,False
dlog_idp,north,pooled,W30_spi6_drought_severity_L1_3,-0.023238812214121374,0.5256432729570681,False,False
dlog_idp,north,pooled,W30_spi6_flood_severity_L4_6,0.002084655743476921,0.9691442955159679,False,False
dlog_idp,north,pooled,W30_spi6_flood_severity_L7_9,-0.17654388203284765,0.005785769010478559,True,True
dlog_idp,north,pooled,W30_t2m_max_anom_1m_L10_12,-0.11462555266831659,0.07457193492012326,True,False
dlog_idp,north,pooled,W30_t2m_max_anom_1m_L1_3,-0.10550813794643003,0.12088666084047239,False,False
dlog_idp,north,pooled,inflation_food_price_index_L10_12,0.008719277918888926,0.42326182908375043,False,False
dlog_idp,north,pooled,inflation_food_price_index_L4_6,0.017863102203919946,0.3724018081917928,False,False
dlog_idp,north,pooled,ln_c_fuel_gas_L4_6,0.01006010121920485,0.5674861181060047,False,False
dlog_idp,north,pooled,ln_c_fuel_gas_L7_9,-0.06308380542068127,0.04898032714174638,True,True
dlog_idp,north,pooled,ln_total_best_deaths_L10_12,-0.02246132210582796,0.576808014535044,False,False
dlog_idp,north,pooled,ln_total_best_deaths_L4_6,-0.028036015525763666,0.3575664879433771,False,False
dlog_idp,north,pooled,ln_total_events_L10_12,0.04461678214472883,0.19976635933824194,False,False
dlog_idp,north,pooled,ln_total_events_L4_6,0.03762127073687141,0.21216673565157507,False,False
dlog_idp,north,pooled,ndvi_anom_1m_L10_12,-0.026261521597945123,0.43168758357599146,False,False
dlog_idp,north,pooled,ndvi_anom_1m_L1_3,0.0015847744504592534,0.9065184924803709,False,False
dlog_idp,north,pooled,sm1_anom_1m_L10_12,0.04749251004702007,0.028013155934847767,True,True
dlog_idp,north,pooled,sm1_anom_1m_L1_3,-0.004974293812077555,0.8925905073692735,False,False
dlog_idp,north,pooled,spi6_L10_12,0.0008412811655415791,0.9840146749350924,False,False
dlog_idp,north,pooled,spi6_L4_6,0.023965531841292034,0.5616722229255466,False,False
dlog_idp,north,pooled,spi6_drought_severity_L4_6,-0.016492822422673834,0.2553413403750977,False,False
dlog_idp,north,pooled,spi6_drought_severity_L7_9,0.005503538110101913,0.5928432317293253,False,False
dlog_idp,north,pooled,spi6_flood_severity_L10_12,0.011597220239186625,0.6892751179697285,False,False
dlog_idp,north,pooled,spi6_flood_severity_L4_6,0.005389170893106701,0.8623385831519608,False,False
dlog_idp,north,pooled,t2m_max_anom_1m_L10_12,0.08283313692008226,0.1130803952100734,False,False
dlog_idp,north,pooled,t2m_max_anom_1m_L1_3,0.06732876316909903,0.00464523094860847,True,True
dlog_idp,north,post,W30_inflation_food_price_index_L10_12,0.01313945302276089,0.7776104096762704,False,False
dlog_idp,north,post,W30_inflation_food_price_index_L1_3,-0.026898437752457944,0.7500374788252229,False,False
dlog_idp,north,post,W30_ln_c_fuel_gas_L1_3,0.0052693568703145125,0.9473586396179501,False,False
dlog_idp,north,post,W30_ln_c_fuel_gas_L7_9,0.05708234442030011,0.38344088856736036,False,False
dlog_idp,north,post,W30_ln_total_best_deaths_L10_12,-0.14497277855523524,0.16947077056314686,False,False
dlog_idp,north,post,W30_ln_total_best_deaths_L1_3,0.04962650612032338,0.6059108544139558,False,False
dlog_idp,north,post,W30_ln_total_events_L10_12,0.12844040003368867,0.2732174863250434,False,False
dlog_idp,north,post,W30_ln_total_events_L1_3,-0.04357806720737616,0.6097263258250654,False,False
dlog_idp,north,post,W30_ndvi_anom_1m_L1_3,0.06485100249025896,0.4985251549356904,False,False
dlog_idp,north,post,W30_ndvi_anom_1m_L7_9,-0.08283614425207336,0.32388763398736486,False,False
dlog_idp,north,post,W30_sm1_anom_1m_L10_12,0.2194268932236281,0.20214983116875307,False,False
dlog_idp,north,post,W30_sm1_anom_1m_L1_3,-0.220479763446555,0.04880009549485598,True,True
dlog_idp,north,post,W30_spi6_L1_3,0.05392481979963332,0.8205720470831896,False,False
dlog_idp,north,post,W30_spi6_L7_9,-0.06764652232439224,0.5541372796584696,False,False
dlog_idp,north,post,W30_spi6_drought_severity_L10_12,0.01593945894481743,0.7989668858066956,False,False
dlog_idp,north,post,W30_spi6_drought_severity_L1_3,0.04147685413127986,0.4448458287206818,False,False
dlog_idp,north,post,W30_spi6_flood_severity_L4_6,-0.07219613052485759,0.4385001085826987,False,False
dlog_idp,north,post,W30_spi6_flood_severity_L7_9,-0.056983818122619316,0.7850804613485729,False,False
dlog_idp,north,post,W30_t2m_max_anom_1m_L10_12,-0.08660338677848028,0.7484460937013595,False,False
dlog_idp,north,post,W30_t2m_max_anom_1m_L1_3,-0.01787295540692883,0.9343107704602078,False,False
dlog_idp,north,post,inflation_food_price_index_L10_12,0.021819845982992102,0.29992340038540943,False,False
dlog_idp,north,post,inflation_food_price_index_L4_6,0.006390495869906589,0.7972010702336634,False,False
dlog_idp,north,post,ln_c_fuel_gas_L4_6,0.012628059744776588,0.5644566477124295,False,False
dlog_idp,north,post,ln_c_fuel_gas_L7_9,-0.06980482910987247,0.1551022487762057,False,False
dlog_idp,north,post,ln_total_best_deaths_L10_12,-0.009386551030572758,0.835529301270951,False,False
dlog_idp,north,post,ln_total_best_deaths_L4_6,0.09207100508652812,0.19126733104972993,False,False
dlog_idp,north,post,ln_total_events_L10_12,0.01642130876176561,0.7437468907749563,False,False
dlog_idp,north,post,ln_total_events_L4_6,-0.10706325533878316,0.16967763352912058,False,False
dlog_idp,north,post,ndvi_anom_1m_L10_12,-0.0907069044776111,0.23470467820797714,False,False
dlog_idp,north,post,ndvi_anom_1m_L1_3,-0.02038255093484956,0.5276772982824909,False,False
dlog_idp,north,post,sm1_anom_1m_L10_12,0.06736289665047618,0.2662023660065107,False,False
dlog_idp,north,post,sm1_anom_1m_L1_3,-0.005322110495298703,0.9626187583260426,False,False
dlog_idp,north,post,spi6_L10_12,-0.08054812540960711,0.34763063645394654,False,False
dlog_idp,north,post,spi6_L4_6,0.06660852236432518,0.6592856514542329,False,False
dlog_idp,north,post,spi6_drought_severity_L4_6,-0.025835609545673672,0.11789515467234368,False,False
dlog_idp,north,post,spi6_drought_severity_L7_9,0.023520196868825196,0.4153812104837238,False,False
dlog_idp,north,post,spi6_flood_severity_L10_12,0.07400617450459505,0.36230186945103604,False,False
dlog_idp,north,post,spi6_flood_severity_L4_6,0.060632486323003734,0.397824521024178,False,False
dlog_idp,north,post,t2m_max_anom_1m_L10_12,0.14149159784521076,0.2090514918988513,False,False
dlog_idp,north,post,t2m_max_anom_1m_L1_3,0.11639007426059236,0.04378191409331067,True,True
dlog_idp,north,pre,W30_inflation_food_price_index_L10_12,-0.11369115690395945,0.18598033686063564,False,False
dlog_idp,north,pre,W30_inflation_food_price_index_L1_3,0.034577515927477175,0.49062026610609055,False,False
dlog_idp,north,pre,W30_ln_c_fuel_gas_L1_3,-0.10921605293785278,0.01791975636740717,True,True
dlog_idp,north,pre,W30_ln_c_fuel_gas_L7_9,0.1300311199738632,0.06893485179053083,True,False
dlog_idp,north,pre,W30_ln_total_best_deaths_L10_12,-0.06805991616677382,0.7472070419367727,False,False
dlog_idp,north,pre,W30_ln_total_best_deaths_L1_3,0.03149940621527207,0.8089921331226064,False,False
dlog_idp,north,pre,W30_ln_total_events_L10_12,-0.04798689124466003,0.8017966850627953,False,False
dlog_idp,north,pre,W30_ln_total_events_L1_3,0.021987538475748594,0.8400416492023735,False,False
dlog_idp,north,pre,W30_ndvi_anom_1m_L1_3,0.012611358258054184,0.8081075955528316,False,False
dlog_idp,north,pre,W30_ndvi_anom_1m_L7_9,0.09381264444363728,0.21409645677167521,False,False
dlog_idp,north,pre,W30_sm1_anom_1m_L10_12,-0.020687918689814847,0.7640995219454054,False,False
dlog_idp,north,pre,W30_sm1_anom_1m_L1_3,0.05751764817709054,0.6496388861290585,False,False
dlog_idp,north,pre,W30_spi6_L1_3,-0.1206478392226764,0.3174256033496279,False,False
dlog_idp,north,pre,W30_spi6_L7_9,0.23772221402655597,0.10259572661674077,False,False
dlog_idp,north,pre,W30_spi6_drought_severity_L10_12,0.0730891558891198,0.2637567863246204,False,False
dlog_idp,north,pre,W30_spi6_drought_severity_L1_3,-0.04793779111258034,0.4015074746526035,False,False
dlog_idp,north,pre,W30_spi6_flood_severity_L4_6,-0.023540013900179766,0.3979784313981658,False,False
dlog_idp,north,pre,W30_spi6_flood_severity_L7_9,-0.06855441072486362,0.036779266761274965,True,True
dlog_idp,north,pre,W30_t2m_max_anom_1m_L10_12,-0.002640191198422741,0.9659939746736366,False,False
dlog_idp,north,pre,W30_t2m_max_anom_1m_L1_3,-0.08482216587425324,0.12607141272214895,False,False
dlog_idp,north,pre,inflation_food_price_index_L10_12,-0.007982301821344994,0.7648256928319568,False,False
dlog_idp,north,pre,inflation_food_price_index_L4_6,0.030837356353041582,0.37515995191306706,False,False
dlog_idp,north,pre,ln_c_fuel_gas_L4_6,0.02215958962997797,0.4492791172317645,False,False
dlog_idp,north,pre,ln_c_fuel_gas_L7_9,-0.08987007630788833,0.00591567597893583,True,True
dlog_idp,north,pre,ln_total_best_deaths_L10_12,-0.050723074288750246,0.28259870273447785,False,False
dlog_idp,north,pre,ln_total_best_deaths_L4_6,-0.0912584331633885,0.140967015455558,False,False
dlog_idp,north,pre,ln_total_events_L10_12,0.0851458005795359,0.0875514447231065,True,False
dlog_idp,north,pre,ln_total_events_L4_6,0.10824108080476205,0.12592864029988693,False,False
dlog_idp,north,pre,ndvi_anom_1m_L10_12,-0.03592837546223721,0.269927109272162,False,False
dlog_idp,north,pre,ndvi_anom_1m_L1_3,0.006436358266275811,0.8105768757028717,False,False
dlog_idp,north,pre,sm1_anom_1m_L10_12,0.06239292191367066,0.11865703289165919,False,False
dlog_idp,north,pre,sm1_anom_1m_L1_3,0.01753022980129607,0.3919139470335362,False,False
dlog_idp,north,pre,spi6_L10_12,0.12699556626472366,0.05012558294750291,True,False
dlog_idp,north,pre,spi6_L4_6,0.03779496898224948,0.33889707108091316,False,False
dlog_idp,north,pre,spi6_drought_severity_L4_6,-0.011813027374567216,0.5205847100081558,False,False
dlog_idp,north,pre,spi6_drought_severity_L7_9,0.006901008466150277,0.6121488464241085,False,False
dlog_idp,north,pre,spi6_flood_severity_L10_12,-0.025903279566837144,0.01225023024450822,True,True
dlog_idp,north,pre,spi6_flood_severity_L4_6,-0.015335578779189849,0.1684159905386995,False,False
dlog_idp,north,pre,t2m_max_anom_1m_L10_12,0.07240657475018632,0.14094591044552773,False,False
dlog_idp,north,pre,t2m_max_anom_1m_L1_3,0.05197702842635783,0.08474940463206737,True,False
dlog_idp,south,pooled,W30_inflation_food_price_index_L1_3,-0.010873429419881018,0.7481798828892532,False,False
dlog_idp,south,pooled,W30_inflation_food_price_index_L7_9,0.03281256243916396,0.2316233031905932,False,False
dlog_idp,south,pooled,W30_ln_c_fuel_gas_L4_6,-0.0640078640181926,0.13361853828831083,False,False
dlog_idp,south,pooled,W30_ln_c_fuel_gas_L7_9,0.09513146869809205,0.24800626370859646,False,False
dlog_idp,south,pooled,W30_ln_total_best_deaths_L10_12,0.05332964662454905,0.24528523289251702,False,False
dlog_idp,south,pooled,W30_ln_total_best_deaths_L1_3,0.00488456838060567,0.8254749441652194,False,False
dlog_idp,south,pooled,W30_ln_total_events_L10_12,-0.031986373193341563,0.4847270429443442,False,False
dlog_idp,south,pooled,W30_ln_total_events_L4_6,-0.0025867460707782036,0.8939400303065563,False,False
dlog_idp,south,pooled,W30_ndvi_anom_1m_L10_12,0.03311423743155803,0.2500545348935024,False,False
dlog_idp,south,pooled,W30_ndvi_anom_1m_L4_6,0.06868253587970483,0.23805391312282453,False,False
dlog_idp,south,pooled,W30_sm1_anom_1m_L4_6,0.01735395693218736,0.7555729929687582,False,False
dlog_idp,south,pooled,W30_sm1_anom_1m_L7_9,-0.0492633830079944,0.32216205824661426,False,False
dlog_idp,south,pooled,W30_spi6_L10_12,0.030212307006620986,0.629451506735407,False,False
dlog_idp,south,pooled,W30_spi6_L1_3,0.04948705125891755,0.5776328002548232,False,False
dlog_idp,south,pooled,W30_spi6_drought_severity_L4_6,-0.050936521043668345,0.2519825730813827,False,False
dlog_idp,south,pooled,W30_spi6_drought_severity_L7_9,-0.05004080667477382,0.008272365537695725,True,True
dlog_idp,south,pooled,W30_spi6_flood_severity_L1_3,0.24355494375990686,0.011920861357275214,True,True
dlog_idp,south,pooled,W30_spi6_flood_severity_L7_9,-0.020565346168099075,0.8841779541059596,False,False
dlog_idp,south,pooled,W30_t2m_max_anom_1m_L4_6,0.20402826729551532,0.13067135371458183,False,False
dlog_idp,south,pooled,W30_t2m_max_anom_1m_L7_9,0.20796261008669661,0.00022821736659262015,True,True
dlog_idp,south,pooled,inflation_food_price_index_L10_12,0.012547957642479533,0.09753980241309557,True,False
dlog_idp,south,pooled,inflation_food_price_index_L1_3,0.008052398037333479,0.45616848398021315,False,False
dlog_idp,south,pooled,ln_c_fuel_gas_L4_6,0.04200989940257947,0.10252047067905123,False,False
dlog_idp,south,pooled,ln_c_fuel_gas_L7_9,-0.08435624254598077,0.03912329429541872,True,True
dlog_idp,south,pooled,ln_total_best_deaths_L10_12,0.016758028666477808,0.4489849388909406,False,False
dlog_idp,south,pooled,ln_total_best_deaths_L1_3,-0.027307008389302837,0.4517220731326932,False,False
dlog_idp,south,pooled,ln_total_events_L10_12,-0.026055502665482348,0.20934963862412603,False,False
dlog_idp,south,pooled,ln_total_events_L1_3,-0.0018510007264702067,0.9193157298043615,False,False
dlog_idp,south,pooled,ndvi_anom_1m_L4_6,0.01801435554754237,0.18695913198182001,False,False
dlog_idp,south,pooled,ndvi_anom_1m_L7_9,-0.014885719797560527,0.19812645051455546,False,False
dlog_idp,south,pooled,sm1_anom_1m_L1_3,-0.007774909396869146,0.6451748540821756,False,False
dlog_idp,south,pooled,sm1_anom_1m_L7_9,0.0060291894575093844,0.7057988136415028,False,False
dlog_idp,south,pooled,spi6_L4_6,-0.011153768651501146,0.6616240152991335,False,False
dlog_idp,south,pooled,spi6_L7_9,0.023478160728625352,0.4539237409956951,False,False
dlog_idp,south,pooled,spi6_drought_severity_L10_12,0.009192675720774337,0.38144432043310594,False,False
dlog_idp,south,pooled,spi6_drought_severity_L4_6,0.005517890976469657,0.4798144251478724,False,False
dlog_idp,south,pooled,spi6_flood_severity_L4_6,-0.025090575603875113,0.036262377676870905,True,True
dlog_idp,south,pooled,spi6_flood_severity_L7_9,-0.01497977952480798,0.48490501731930435,False,False
dlog_idp,south,pooled,t2m_max_anom_1m_L10_12,0.04369701945347852,0.14556078790754468,False,False
dlog_idp,south,pooled,t2m_max_anom_1m_L1_3,-0.025618019575127944,0.2661396821553197,False,False
dlog_idp,south,post,W30_inflation_food_price_index_L1_3,-0.2108167724867573,0.35527932927844486,False,False
dlog_idp,south,post,W30_inflation_food_price_index_L7_9,0.010980934510769626,0.9433594456821441,False,False
dlog_idp,south,post,W30_ln_c_fuel_gas_L4_6,0.29606619125120415,0.3056219665598987,False,False
dlog_idp,south,post,W30_ln_c_fuel_gas_L7_9,-0.26112399912494866,0.40815392641454706,False,False
dlog_idp,south,post,W30_ln_total_best_deaths_L10_12,0.10258844528527979,0.18130734111479363,False,False
dlog_idp,south,post,W30_ln_total_best_deaths_L1_3,0.06376318662619634,0.37099301571495635,False,False
dlog_idp,south,post,W30_ln_total_events_L10_12,-0.10056267223922567,0.23610497828479327,False,False
dlog_idp,south,post,W30_ln_total_events_L4_6,0.045634752882897284,0.5632084093023484,False,False
dlog_idp,south,post,W30_ndvi_anom_1m_L10_12,0.13075522881914356,0.40816855735178903,False,False
dlog_idp,south,post,W30_ndvi_anom_1m_L4_6,0.5048744946614824,0.10412342864583657,False,False
dlog_idp,south,post,W30_sm1_anom_1m_L4_6,0.05894029377155743,0.8204043938625005,False,False
dlog_idp,south,post,W30_sm1_anom_1m_L7_9,-0.07186627194249266,0.741999144727179,False,False
dlog_idp,south,post,W30_spi6_L10_12,0.3023999482277636,0.3827617949319333,False,False
dlog_idp,south,post,W30_spi6_L1_3,-0.321036631811029,0.4284536608338194,False,False
dlog_idp,south,post,W30_spi6_drought_severity_L4_6,-0.165299592245044,0.4895888049278385,False,False
dlog_idp,south,post,W30_spi6_drought_severity_L7_9,-0.082109648175814,0.35761018871480355,False,False
dlog_idp,south,post,W30_spi6_flood_severity_L1_3,0.6300373345025255,0.31340304469623925,False,False
dlog_idp,south,post,W30_spi6_flood_severity_L7_9,-0.8478330414288482,0.03526140694156532,True,True
dlog_idp,south,post,W30_t2m_max_anom_1m_L4_6,1.2598132182193746,0.1419843642439842,False,False
dlog_idp,south,post,W30_t2m_max_anom_1m_L7_9,1.6155559953279466,0.0066952230408861,True,True
dlog_idp,south,post,inflation_food_price_index_L10_12,0.11843007384034489,0.0006192962503599464,True,True
dlog_idp,south,post,inflation_food_price_index_L1_3,0.12403229912674062,0.0028478361905803773,True,True
dlog_idp,south,post,ln_c_fuel_gas_L4_6,0.14837456539018962,0.13654550506909913,False,False
dlog_idp,south,post,ln_c_fuel_gas_L7_9,-0.2964713271461042,0.09650629338790395,True,False
dlog_idp,south,post,ln_total_best_deaths_L10_12,0.08559385105374172,0.07984143640276953,True,False
dlog_idp,south,post,ln_total_best_deaths_L1_3,0.018516991411664553,0.6171947007796539,False,False
dlog_idp,south,post,ln_total_events_L10_12,-0.0879508626058448,0.11619082403030356,False,False
dlog_idp,south,post,ln_total_events_L1_3,0.0002936271447903691,0.9932783768884512,False,False
dlog_idp,south,post,ndvi_anom_1m_L4_6,0.10214487570031244,0.10695015102168548,False,False
dlog_idp,south,post,ndvi_anom_1m_L7_9,-0.07432470455979694,0.21138452575441424,False,False
dlog_idp,south,post,sm1_anom_1m_L1_3,-0.05729904089036632,0.38650750783279264,False,False
dlog_idp,south,post,sm1_anom_1m_L7_9,-0.03469874166752998,0.4782475639322423,False,False
dlog_idp,south,post,spi6_L4_6,0.11429836257556714,0.3477119112257365,False,False
dlog_idp,south,post,spi6_L7_9,-0.012500798905679619,0.8587307908041024,False,False
dlog_idp,south,post,spi6_drought_severity_L10_12,0.022573177700106466,0.4759085947861972,False,False
dlog_idp,south,post,spi6_drought_severity_L4_6,0.013267573273445668,0.629491100314167,False,False
dlog_idp,south,post,spi6_flood_severity_L4_6,-0.010985839671569608,0.8373676986351568,False,False
dlog_idp,south,post,spi6_flood_severity_L7_9,0.03774650560778465,0.49751400183833816,False,False
dlog_idp,south,post,t2m_max_anom_1m_L10_12,-0.03002907691050243,0.7261737896883727,False,False
dlog_idp,south,post,t2m_max_anom_1m_L1_3,-0.029616415851827973,0.6663641254268153,False,False
dlog_idp,south,pre,W30_inflation_food_price_index_L1_3,0.025753605128780385,0.49598159360631366,False,False
dlog_idp,south,pre,W30_inflation_food_price_index_L7_9,0.029339046122610332,0.6516703337996264,False,False
dlog_idp,south,pre,W30_ln_c_fuel_gas_L4_6,0.1445714185675426,0.06212866708733267,True,False
dlog_idp,south,pre,W30_ln_c_fuel_gas_L7_9,0.17920859352595936,0.24616738486367407,False,False
dlog_idp,south,pre,W30_ln_total_best_deaths_L10_12,-0.019877339585375988,0.7917643079105128,False,False
dlog_idp,south,pre,W30_ln_total_best_deaths_L1_3,-0.050071890989427624,0.1045815585709835,False,False
dlog_idp,south,pre,W30_ln_total_events_L10_12,0.02445174561757359,0.7451757624905215,False,False
dlog_idp,south,pre,W30_ln_total_events_L4_6,-0.036330452072699373,0.17105301540980666,False,False
dlog_idp,south,pre,W30_ndvi_anom_1m_L10_12,0.2207062537980269,0.10057881963506254,False,False
dlog_idp,south,pre,W30_ndvi_anom_1m_L4_6,0.2149408251540524,0.16810900003450158,False,False
dlog_idp,south,pre,W30_sm1_anom_1m_L4_6,-0.1100294620422382,0.06934297267677736,True,False
dlog_idp,south,pre,W30_sm1_anom_1m_L7_9,-0.2759234633264117,0.026588290423032568,True,True
dlog_idp,south,pre,W30_spi6_L10_12,-0.30012191910650265,0.00864544626197028,True,True
dlog_idp,south,pre,W30_spi6_L1_3,0.03733299658576762,0.43830578894292005,False,False
dlog_idp,south,pre,W30_spi6_drought_severity_L4_6,0.03334763630691377,0.4607800051003488,False,False
dlog_idp,south,pre,W30_spi6_drought_severity_L7_9,0.0031910995391131814,0.9496344237281573,False,False
dlog_idp,south,pre,W30_spi6_flood_severity_L1_3,-0.023549864794402797,0.4356593551078287,False,False
dlog_idp,south,pre,W30_spi6_flood_severity_L7_9,0.024435860270122324,0.6342276034638412,False,False
dlog_idp,south,pre,W30_t2m_max_anom_1m_L4_6,0.06484932391879339,0.43639993631086327,False,False
dlog_idp,south,pre,W30_t2m_max_anom_1m_L7_9,0.01011677852677647,0.8108308381930147,False,False
dlog_idp,south,pre,inflation_food_price_index_L10_12,0.008864339640476884,0.2986758989216032,False,False
dlog_idp,south,pre,inflation_food_price_index_L1_3,-0.030901334700831853,0.04415564232047453,True,True
dlog_idp,south,pre,ln_c_fuel_gas_L4_6,0.012618861064076344,0.5421137919860084,False,False
dlog_idp,south,pre,ln_c_fuel_gas_L7_9,-0.08380750966184393,0.27684348550161486,False,False
dlog_idp,south,pre,ln_total_best_deaths_L10_12,-0.007211686682623336,0.7631112577671302,False,False
dlog_idp,south,pre,ln_total_best_deaths_L1_3,-0.02087484612920757,0.4496092475083162,False,False
dlog_idp,south,pre,ln_total_events_L10_12,-0.006631038642992079,0.7760559750047011,False,False
dlog_idp,south,pre,ln_total_events_L1_3,-0.01827994735787702,0.28930398599576446,False,False
dlog_idp,south,pre,ndvi_anom_1m_L4_6,0.00568905175442956,0.6815781977839461,False,False
dlog_idp,south,pre,ndvi_anom_1m_L7_9,0.012639040316243366,0.2174021000274935,False,False
dlog_idp,south,pre,sm1_anom_1m_L1_3,0.0395342485707528,0.08717836274296165,True,False
dlog_idp,south,pre,sm1_anom_1m_L7_9,0.03682346190512651,0.19638283271922785,False,False
dlog_idp,south,pre,spi6_L4_6,0.03063249611268103,0.2447774340978126,False,False
dlog_idp,south,pre,spi6_L7_9,0.02007116031020306,0.6504843803777298,False,False
dlog_idp,south,pre,spi6_drought_severity_L10_12,0.01170876713164567,0.4243193230666469,False,False
dlog_idp,south,pre,spi6_drought_severity_L4_6,-0.014119973565240737,0.21057579071530386,False,False
dlog_idp,south,pre,spi6_flood_severity_L4_6,0.004340792842504141,0.7180025535384558,False,False
dlog_idp,south,pre,spi6_flood_severity_L7_9,-0.04630461639277632,0.0028352166936804757,True,True
dlog_idp,south,pre,t2m_max_anom_1m_L10_12,0.028529909341686175,0.25075215367769554,False,False
dlog_idp,south,pre,t2m_max_anom_1m_L1_3,-0.018048871448955697,0.4546320510014028,False,False
ln_idp,north,pooled,W30_inflation_food_price_index_L10_12,-0.01056392255787383,0.33159261235140813,False,False
ln_idp,north,pooled,W30_inflation_food_price_index_L1_3,-0.014732610894093315,0.15777606943732736,False,False
ln_idp,north,pooled,W30_ln_c_fuel_gas_L4_6,-0.007680094006921056,0.47304035802048383,False,False
ln_idp,north,pooled,W30_ln_c_fuel_gas_L7_9,0.0033488690761006214,0.7300228410449807,False,False
ln_idp,north,pooled,W30_ln_total_best_deaths_L10_12,-0.0183018862145102,0.027793115407909852,True,True
ln_idp,north,pooled,W30_ln_total_best_deaths_L1_3,0.02305973208464895,0.040263078651686435,True,True
ln_idp,north,pooled,W30_ln_total_events_L4_6,0.01238782817806409,0.19299093862528727,False,False
ln_idp,north,pooled,W30_ln_total_events_L7_9,-0.0087848199243118,0.24366083014565043,False,False
ln_idp,north,pooled,W30_ndvi_anom_1m_L10_12,0.014145881756090805,0.20175115704973812,False,False
ln_idp,north,pooled,W30_ndvi_anom_1m_L4_6,-0.007980645156038923,0.3045103077230018,False,False
ln_idp,north,pooled,W30_sm1_anom_1m_L4_6,-0.015141689509652594,0.174548236386177,False,False
ln_idp,north,pooled,W30_sm1_anom_1m_L7_9,-0.0011475793015271907,0.8921478470752173,False,False
ln_idp,north,pooled,W30_spi6_L4_6,0.016889720872569847,0.3358559071970557,False,False
ln_idp,north,pooled,W30_spi6_L7_9,0.029626787415773438,0.01703450982032395,True,True
ln_idp,north,pooled,W30_spi6_drought_severity_L10_12,0.021153863349084243,0.056779059434375334,True,False
ln_idp,north,pooled,W30_spi6_drought_severity_L4_6,-0.004114569097025446,0.7448525272490216,False,False
ln_idp,north,pooled,W30_spi6_flood_severity_L1_3,0.013834588261359856,0.6212158539004764,False,False
ln_idp,north,pooled,W30_spi6_flood_severity_L7_9,-0.01911048886818262,0.19368186847893054,False,False
ln_idp,north,pooled,W30_t2m_max_anom_1m_L1_3,-0.012437451299468312,0.3180799436026356,False,False
ln_idp,north,pooled,W30_t2m_max_anom_1m_L7_9,0.050536302740903025,0.07232614428437723,True,False
ln_idp,north,pooled,inflation_food_price_index_L10_12,0.002223048032207219,0.5032734845961873,False,False
ln_idp,north,pooled,inflation_food_price_index_L1_3,0.00545604263329431,0.23475064422456748,False,False
ln_idp,north,pooled,ln_c_fuel_gas_L10_12,-0.0022396822926102735,0.7339511772484726,False,False
ln_idp,north,pooled,ln_c_fuel_gas_L4_6,-0.0008965080654003239,0.8153293758612938,False,False
ln_idp,north,pooled,ln_total_best_deaths_L10_12,-0.00793943049427738,0.465371525877345,False,False
ln_idp,north,pooled,ln_total_best_deaths_L4_6,-0.008995505178599459,0.26549289934608633,False,False
ln_idp,north,pooled,ln_total_events_L10_12,0.012310046370784894,0.12201940207253381,False,False
ln_idp,north,pooled,ln_total_events_L4_6,0.010705950200502625,0.21027106002459717,False,False
ln_idp,north,pooled,ndvi_anom_1m_L10_12,-0.014461104929620487,0.12889823081377028,False,False
ln_idp,north,pooled,ndvi_anom_1m_L1_3,-0.004244327679424796,0.16575778940551578,False,False
ln_idp,north,pooled,sm1_anom_1m_L10_12,0.014608228727566603,0.03316971176478711,True,True
ln_idp,north,pooled,sm1_anom_1m_L1_3,-0.003302473799040968,0.700404308039356,False,False
ln_idp,north,pooled,spi6_L10_12,-0.00859689908992794,0.5338464426529024,False,False
ln_idp,north,pooled,spi6_L4_6,-0.0032178055942039797,0.7304924406420636,False,False
ln_idp,north,pooled,spi6_drought_severity_L4_6,-0.0017390888191435863,0.4860017438332367,False,False
ln_idp,north,pooled,spi6_drought_severity_L7_9,-0.00019845852667646737,0.9497663771145399,False,False
ln_idp,north,pooled,spi6_flood_severity_L4_6,0.0053614964276929074,0.31983160223407214,False,False
ln_idp,north,pooled,spi6_flood_severity_L7_9,0.001614682948823468,0.771303937627082,False,False
ln_idp,north,pooled,t2m_max_anom_1m_L1_3,0.011025912073933681,0.043438542702786576,True,True
ln_idp,north,pooled,t2m_max_anom_1m_L7_9,-0.007863366899830313,0.32941888729057167,False,False
ln_idp,north,post,W30_inflation_food_price_index_L10_12,-0.015271088262048656,0.2818023981842981,False,False
ln_idp,north,post,W30_inflation_food_price_index_L1_3,-0.03171728031333918,0.13704376340898605,False,False
ln_idp,north,post,W30_ln_c_fuel_gas_L4_6,0.008579636120957537,0.38235767189599357,False,False
ln_idp,north,post,W30_ln_c_fuel_gas_L7_9,-0.018265704400764825,0.11641244896448222,False,False
ln_idp,north,post,W30_ln_total_best_deaths_L10_12,-0.0035017089412217716,0.6628312501623679,False,False
ln_idp,north,post,W30_ln_total_best_deaths_L1_3,0.005540243654654784,0.7860469423478555,False,False
ln_idp,north,post,W30_ln_total_events_L4_6,0.00928474068438152,0.507932197981988,False,False
ln_idp,north,post,W30_ln_total_events_L7_9,-0.020189941653119183,0.020421693292201448,True,True
ln_idp,north,post,W30_ndvi_anom_1m_L10_12,0.04486151329692821,0.14702900097248306,False,False
ln_idp,north,post,W30_ndvi_anom_1m_L4_6,-0.0023615628426977087,0.9087875830114767,False,False
ln_idp,north,post,W30_sm1_anom_1m_L4_6,0.0021946597226452226,0.9124827911715032,False,False
ln_idp,north,post,W30_sm1_anom_1m_L7_9,-0.015701241189488575,0.5884348156738635,False,False
ln_idp,north,post,W30_spi6_L4_6,-0.04809173320104359,0.16535527981730858,False,False
ln_idp,north,post,W30_spi6_L7_9,0.07189325933446246,0.025957799322174235,True,True
ln_idp,north,post,W30_spi6_drought_severity_L10_12,0.00027930689335806623,0.9808174437450123,False,False
ln_idp,north,post,W30_spi6_drought_severity_L4_6,-0.022246917290419957,0.13747597787813493,False,False
ln_idp,north,post,W30_spi6_flood_severity_L1_3,0.027802716137458352,0.6504066635524839,False,False
ln_idp,north,post,W30_spi6_flood_severity_L7_9,-0.020733660769203976,0.48442745512655083,False,False
ln_idp,north,post,W30_t2m_max_anom_1m_L1_3,-0.006139873489564554,0.8131423983006223,False,False
ln_idp,north,post,W30_t2m_max_anom_1m_L7_9,0.09080704789775641,0.06547648031481423,True,False
ln_idp,north,post,inflation_food_price_index_L10_12,0.00026963782361688637,0.9269830370436831,False,False
ln_idp,north,post,inflation_food_price_index_L1_3,-0.00032203302196613236,0.9410393742778709,False,False
ln_idp,north,post,ln_c_fuel_gas_L10_12,0.005033018041565947,0.5765191840654942,False,False
ln_idp,north,post,ln_c_fuel_gas_L4_6,0.0001678690098468423,0.9756525856664389,False,False
ln_idp,north,post,ln_total_best_deaths_L10_12,-0.0004992836186151318,0.9496105732715461,False,False
ln_idp,north,post,ln_total_best_deaths_L4_6,0.007749712594546474,0.45701395345095897,False,False
ln_idp,north,post,ln_total_events_L10_12,0.0023766777312324958,0.7826767547370035,False,False
ln_idp,north,post,ln_total_events_L4_6,-0.0060007418096846175,0.7386600752100665,False,False
ln_idp,north,post,ndvi_anom_1m_L10_12,-0.01580617378193628,0.2509196959756299,False,False
ln_idp,north,post,ndvi_anom_1m_L1_3,-0.009865528050540258,0.11771445672456449,False,False
ln_idp,north,post,sm1_anom_1m_L10_12,0.010541266840148814,0.3899430797662349,False,False
ln_idp,north,post,sm1_anom_1m_L1_3,-0.00023887220618102706,0.9896741669046754,False,False
ln_idp,north,post,spi6_L10_12,-0.022787428409224673,0.3434052686265989,False,False
ln_idp,north,post,spi6_L4_6,0.02147011896758916,0.33902348362647716,False,False
ln_idp,north,post,spi6_drought_severity_L4_6,-0.003939282788638538,0.26133511074309546,False,False
ln_idp,north,post,spi6_drought_severity_L7_9,0.0047985882686966365,0.37688393609525384,False,False
ln_idp,north,post,spi6_flood_severity_L4_6,0.012201725958164081,0.14021157028099518,False,False
ln_idp,north,post,spi6_flood_severity_L7_9,0.01263177884140323,0.2439936462057124,False,False
ln_idp,north,post,t2m_max_anom_1m_L1_3,0.01747662360541272,0.16164652635082,False,False
ln_idp,north,post,t2m_max_anom_1m_L7_9,-0.006850070735765671,0.588692284725195,False,False
ln_idp,north,pre,W30_inflation_food_price_index_L10_12,-0.05164213465444492,0.09694280884653184,True,False
ln_idp,north,pre,W30_inflation_food_price_index_L1_3,-0.006752054210238312,0.7516856673056018,False,False
ln_idp,north,pre,W30_ln_c_fuel_gas_L4_6,-0.031345389316876165,0.4256450091604793,False,False
ln_idp,north,pre,W30_ln_c_fuel_gas_L7_9,0.010399137779961555,0.7401262026468771,False,False
ln_idp,north,pre,W30_ln_total_best_deaths_L10_12,-0.049123325197674185,0.012969521427718789,True,True
ln_idp,north,pre,W30_ln_total_best_deaths_L1_3,0.024574354485929376,0.22918129075426474,False,False
ln_idp,north,pre,W30_ln_total_events_L4_6,-0.004389197855145389,0.7723306135514596,False,False
ln_idp,north,pre,W30_ln_total_events_L7_9,-0.02766195803765607,0.08149287436904729,True,False
ln_idp,north,pre,W30_ndvi_anom_1m_L10_12,0.011715604681686304,0.49429916153139875,False,False
ln_idp,north,pre,W30_ndvi_anom_1m_L4_6,-0.024033988545459767,0.2573654727949002,False,False
ln_idp,north,pre,W30_sm1_anom_1m_L4_6,-0.0250226079017447,0.17014945425744665,False,False
ln_idp,north,pre,W30_sm1_anom_1m_L7_9,0.03259026063802848,0.5404942378012887,False,False
ln_idp,north,pre,W30_spi6_L4_6,0.010929311756496854,0.82206651012161,False,False
ln_idp,north,pre,W30_spi6_L7_9,0.043349739270664836,0.14170891488947546,False,False
ln_idp,north,pre,W30_spi6_drought_severity_L10_12,0.010984402349261327,0.6171023016004913,False,False
ln_idp,north,pre,W30_spi6_drought_severity_L4_6,-0.0344831567022175,0.3037328214909505,False,False
ln_idp,north,pre,W30_spi6_flood_severity_L1_3,0.012904188685237955,0.3058632822933147,False,False
ln_idp,north,pre,W30_spi6_flood_severity_L7_9,-0.0021805346415398595,0.9134280510927013,False,False
ln_idp,north,pre,W30_t2m_max_anom_1m_L1_3,-0.032543931940438184,0.2680545007144548,False,False
ln_idp,north,pre,W30_t2m_max_anom_1m_L7_9,0.011034459675894849,0.5961319444350925,False,False
ln_idp,north,pre,inflation_food_price_index_L10_12,0.0017163605452016884,0.8762223590556153,False,False
ln_idp,north,pre,inflation_food_price_index_L1_3,0.006889297968371015,0.3570835643683439,False,False
ln_idp,north,pre,ln_c_fuel_gas_L10_12,-0.0018249579865463536,0.9175444722449102,False,False
ln_idp,north,pre,ln_c_fuel_gas_L4_6,0.013605408851019058,0.3251648365432174,False,False
ln_idp,north,pre,ln_total_best_deaths_L10_12,-0.019943098890187562,0.14651718425918592,False,False
ln_idp,north,pre,ln_total_best_deaths_L4_6,-0.023626752555029336,0.16987428903175084,False,False
ln_idp,north,pre,ln_total_events_L10_12,0.028235036993318405,0.0766755294977608,True,False
ln_idp,north,pre,ln_total_events_L4_6,0.02611280398266004,0.1926411203075531,False,False
ln_idp,north,pre,ndvi_anom_1m_L10_12,-0.013809990494155532,0.28300683555477124,False,False
ln_idp,north,pre,ndvi_anom_1m_L1_3,-0.001577568438390338,0.8282503276123854,False,False
ln_idp,north,pre,sm1_anom_1m_L10_12,0.004973449346939077,0.5058337231279824,False,False
ln_idp,north,pre,sm1_anom_1m_L1_3,0.002853066864539477,0.6726874777568561,False,False
ln_idp,north,pre,spi6_L10_12,0.0406355510392463,0.03122777294657264,True,True
ln_idp,north,pre,spi6_L4_6,0.012120651534707478,0.4820210060262351,False,False
ln_idp,north,pre,spi6_drought_severity_L4_6,-0.0012695803001683068,0.8190423485673026,False,False
ln_idp,north,pre,spi6_drought_severity_L7_9,-7.761849566916323e-05,0.9860746307176806,False,False
ln_idp,north,pre,spi6_flood_severity_L4_6,-0.0010878314762356217,0.7912021376037652,False,False
ln_idp,north,pre,spi6_flood_severity_L7_9,-0.001096959158557369,0.7564317115555701,False,False
ln_idp,north,pre,t2m_max_anom_1m_L1_3,0.013440271989736276,0.12574633024482718,False,False
ln_idp,north,pre,t2m_max_anom_1m_L7_9,-0.008225189729341774,0.5648055595613604,False,False
ln_idp,south,pooled,W30_inflation_food_price_index_L1_3,-0.0006454429806879175,0.9062999950317172,False,False
ln_idp,south,pooled,W30_inflation_food_price_index_L7_9,0.005428509891386697,0.41976655143361774,False,False
ln_idp,south,pooled,W30_ln_c_fuel_gas_L4_6,-0.016592237574040356,0.11706394326521874,False,False
ln_idp,south,pooled,W30_ln_c_fuel_gas_L7_9,0.02836485509445698,0.150849922539251,False,False
ln_idp,south,pooled,W30_ln_total_best_deaths_L10_12,0.011862473510831943,0.15647062847684312,False,False
ln_idp,south,pooled,W30_ln_total_best_deaths_L4_6,-0.0025068407763535047,0.8122479275011107,False,False
ln_idp,south,pooled,W30_ln_total_events_L10_12,-0.008190635752422721,0.377980849492487,False,False
ln_idp,south,pooled,W30_ln_total_events_L4_6,0.005576549989033495,0.6277444869918787,False,False
ln_idp,south,pooled,W30_ndvi_anom_1m_L1_3,-0.034174199798032545,0.00612335707242706,True,True
ln_idp,south,pooled,W30_ndvi_anom_1m_L7_9,-0.0004348460933482657,0.9660536472424768,False,False
ln_idp,south,pooled,W30_sm1_anom_1m_L10_12,-0.002798849000919518,0.8068312879858199,False,False
ln_idp,south,pooled,W30_sm1_anom_1m_L1_3,-0.0010600831569603142,0.9289279013135043,False,False
ln_idp,south,pooled,W30_spi6_L4_6,0.009865491083259032,0.4872951773587846,False,False
ln_idp,south,pooled,W30_spi6_L7_9,-0.018965005010391025,0.17225538069580626,False,False
ln_idp,south,pooled,W30_spi6_drought_severity_L4_6,-0.003926834002620178,0.47378191831884053,False,False
ln_idp,south,pooled,W30_spi6_drought_severity_L7_9,-0.007286571260832226,0.04127720516187816,True,True
ln_idp,south,pooled,W30_spi6_flood_severity_L4_6,0.060283468956792145,0.023589081568325065,True,True
ln_idp,south,pooled,W30_spi6_flood_severity_L7_9,0.029745817073213613,0.1484854252399388,False,False
ln_idp,south,pooled,W30_t2m_max_anom_1m_L1_3,-0.026605285140140825,0.10946026143378007,False,False
ln_idp,south,pooled,W30_t2m_max_anom_1m_L7_9,0.03196824023574918,0.003421031752539605,True,True
ln_idp,south,pooled,inflation_food_price_index_L10_12,0.0028767949157001756,0.15079778577343772,False,False
ln_idp,south,pooled,inflation_food_price_index_L4_6,0.0006131709567673904,0.750095448529382,False,False
ln_idp,south,pooled,ln_c_fuel_gas_L4_6,0.008310284316676747,0.029966570912776325,True,True
ln_idp,south,pooled,ln_c_fuel_gas_L7_9,-0.017477741235926596,0.029338765820106083,True,True
ln_idp,south,pooled,ln_total_best_deaths_L10_12,0.00486198861539488,0.3303925759491888,False,False
ln_idp,south,pooled,ln_total_best_deaths_L1_3,-0.006774572892464887,0.4125780875698406,False,False
ln_idp,south,pooled,ln_total_events_L10_12,-0.009369609806304023,0.07349372911528662,True,False
ln_idp,south,pooled,ln_total_events_L1_3,-0.0005878128180090263,0.9103761435028308,False,False
ln_idp,south,pooled,ndvi_anom_1m_L4_6,0.0034870177756147576,0.14719006585237904,False,False
ln_idp,south,pooled,ndvi_anom_1m_L7_9,-0.003544262724412868,0.1789371449733006,False,False
ln_idp,south,pooled,sm1_anom_1m_L1_3,-0.0012724307218716536,0.7309931355674646,False,False
ln_idp,south,pooled,sm1_anom_1m_L7_9,-0.005052286349668202,0.2140458000909624,False,False
ln_idp,south,pooled,spi6_L10_12,-0.005433049358481635,0.29653897526942097,False,False
ln_idp,south,pooled,spi6_L4_6,-0.0016231413733781921,0.7489909598391904,False,False
ln_idp,south,pooled,spi6_drought_severity_L4_6,0.0017638535501344778,0.33678209430884354,False,False
ln_idp,south,pooled,spi6_drought_severity_L7_9,-0.0012197674359241968,0.4341835684347022,False,False
ln_idp,south,pooled,spi6_flood_severity_L4_6,-0.0008725379989364041,0.7081165217402359,False,False
ln_idp,south,pooled,spi6_flood_severity_L7_9,-0.005331046264590005,0.24999237668981467,False,False
ln_idp,south,pooled,t2m_max_anom_1m_L1_3,-0.004914944199088283,0.40633867446215266,False,False
ln_idp,south,pooled,t2m_max_anom_1m_L7_9,-0.008582653435107694,0.1877353340420056,False,False
ln_idp,south,post,W30_inflation_food_price_index_L1_3,-0.029768626406994254,0.06438990003857303,True,False
ln_idp,south,post,W30_inflation_food_price_index_L7_9,0.010249252214681329,0.5503835977041618,False,False
ln_idp,south,post,W30_ln_c_fuel_gas_L4_6,0.032100538857247486,0.2149182369469187,False,False
ln_idp,south,post,W30_ln_c_fuel_gas_L7_9,-0.012459104964893483,0.6952278765868907,False,False
ln_idp,south,post,W30_ln_total_best_deaths_L10_12,0.019647359626559183,0.0258707825104445,True,True
ln_idp,south,post,W30_ln_total_best_deaths_L4_6,-0.0012111154706867674,0.8443746992808574,False,False
ln_idp,south,post,W30_ln_total_events_L10_12,-0.022789480856934607,0.03898438714908159,True,True
ln_idp,south,post,W30_ln_total_events_L4_6,0.0027500344872495564,0.7177855486864275,False,False
ln_idp,south,post,W30_ndvi_anom_1m_L1_3,-0.04476294129300998,0.048704208903801005,True,True
ln_idp,south,post,W30_ndvi_anom_1m_L7_9,0.03146699306935308,0.05815902831246467,True,False
ln_idp,south,post,W30_sm1_anom_1m_L10_12,-0.03055002452584356,0.18399118124021996,False,False
ln_idp,south,post,W30_sm1_anom_1m_L1_3,-0.01664370703919985,0.45161567208094855,False,False
ln_idp,south,post,W30_spi6_L4_6,0.042316958560512555,0.17634447139953546,False,False
ln_idp,south,post,W30_spi6_L7_9,-0.0017868655124722752,0.9513937502738252,False,False
ln_idp,south,post,W30_spi6_drought_severity_L4_6,-0.012670835219589692,0.3255498136490158,False,False
ln_idp,south,post,W30_spi6_drought_severity_L7_9,-0.006010729730666004,0.550412055422862,False,False
ln_idp,south,post,W30_spi6_flood_severity_L4_6,0.014119418175208835,0.6942277158013841,False,False
ln_idp,south,post,W30_spi6_flood_severity_L7_9,-0.04303967505105707,0.11377996889828834,False,False
ln_idp,south,post,W30_t2m_max_anom_1m_L1_3,-0.05137249654151466,0.16498724286893984,False,False
ln_idp,south,post,W30_t2m_max_anom_1m_L7_9,0.12225960950823922,0.0033019744048976563,True,True
ln_idp,south,post,inflation_food_price_index_L10_12,0.007744248168843761,0.006335966155573525,True,True
ln_idp,south,post,inflation_food_price_index_L4_6,0.0066829889600836445,0.03412444350426491,True,True
ln_idp,south,post,ln_c_fuel_gas_L4_6,0.014052163291080751,0.08558849571958227,True,False
ln_idp,south,post,ln_c_fuel_gas_L7_9,-0.027738422805528754,0.09884433489838385,True,False
ln_idp,south,post,ln_total_best_deaths_L10_12,0.012068566301993731,0.02545636926794459,True,True
ln_idp,south,post,ln_total_best_deaths_L1_3,-0.001293982854925212,0.5002095495356582,False,False
ln_idp,south,post,ln_total_events_L10_12,-0.013259181637848772,0.03638320272561457,True,True
ln_idp,south,post,ln_total_events_L1_3,0.0022027432024179184,0.3853182807575082,False,False
ln_idp,south,post,ndvi_anom_1m_L4_6,0.010401149071845516,0.04477244613960463,True,True
ln_idp,south,post,ndvi_anom_1m_L7_9,-0.005185211279170864,0.2657081150734468,False,False
ln_idp,south,post,sm1_anom_1m_L1_3,-0.003535487764316535,0.44787812460046883,False,False
ln_idp,south,post,sm1_anom_1m_L7_9,0.0007210803938200563,0.8517788431977598,False,False
ln_idp,south,post,spi6_L10_12,-0.015260327761570307,0.11449965334137979,False,False
ln_idp,south,post,spi6_L4_6,0.0014366527714380585,0.8440250979339199,False,False
ln_idp,south,post,spi6_drought_severity_L4_6,0.00031335250924420635,0.9285933398283723,False,False
ln_idp,south,post,spi6_drought_severity_L7_9,-0.0020941186971621057,0.4551279034116438,False,False
ln_idp,south,post,spi6_flood_severity_L4_6,0.004485146347222303,0.2811803575698275,False,False
ln_idp,south,post,spi6_flood_severity_L7_9,0.004701994995116209,0.2861533903478206,False,False
ln_idp,south,post,t2m_max_anom_1m_L1_3,-0.004624520106090004,0.47038450039109714,False,False
ln_idp,south,post,t2m_max_anom_1m_L7_9,0.005636451049095903,0.3959294429024953,False,False
ln_idp,south,pre,W30_inflation_food_price_index_L1_3,0.017482362222413683,0.23254620488610445,False,False
ln_idp,south,pre,W30_inflation_food_price_index_L7_9,-0.006109628131072497,0.6914239081491398,False,False
ln_idp,south,pre,W30_ln_c_fuel_gas_L4_6,-0.0039006771279309392,0.8896764836287232,False,False
ln_idp,south,pre,W30_ln_c_fuel_gas_L7_9,0.0060717470049522475,0.8708731219734829,False,False
ln_idp,south,pre,W30_ln_total_best_deaths_L10_12,-0.03964063482195912,0.19688644254554077,False,False
ln_idp,south,pre,W30_ln_total_best_deaths_L4_6,0.009306398169108224,0.5870683355361268,False,False
ln_idp,south,pre,W30_ln_total_events_L10_12,0.06841761646410147,0.0784732720425656,True,False
ln_idp,south,pre,W30_ln_total_events_L4_6,-0.015451140158950313,0.39420406612973014,False,False
ln_idp,south,pre,W30_ndvi_anom_1m_L1_3,0.005536437773607441,0.7023064814054951,False,False
ln_idp,south,pre,W30_ndvi_anom_1m_L7_9,-0.015931503220608385,0.4101304722904606,False,False
ln_idp,south,pre,W30_sm1_anom_1m_L10_12,0.006588982481138336,0.689914540734843,False,False
ln_idp,south,pre,W30_sm1_anom_1m_L1_3,-0.05937580686544014,0.1589349784664844,False,False
ln_idp,south,pre,W30_spi6_L4_6,-0.06810854550242618,0.09493874357544851,True,False
ln_idp,south,pre,W30_spi6_L7_9,0.052032598500823805,0.26828015043993014,False,False
ln_idp,south,pre,W30_spi6_drought_severity_L4_6,0.010893823339911055,0.3127936214502165,False,False
ln_idp,south,pre,W30_spi6_drought_severity_L7_9,-0.001886156520931726,0.873202961168583,False,False
ln_idp,south,pre,W30_spi6_flood_severity_L4_6,0.0014796074743846264,0.9085037221913634,False,False
ln_idp,south,pre,W30_spi6_flood_severity_L7_9,0.0240391681507538,0.05585455231658565,True,False
ln_idp,south,pre,W30_t2m_max_anom_1m_L1_3,0.016905104747778704,0.34994703481850475,False,False
ln_idp,south,pre,W30_t2m_max_anom_1m_L7_9,0.012681626700017537,0.23249477530122342,False,False
ln_idp,south,pre,inflation_food_price_index_L10_12,0.0032883415000574696,0.35430526005788643,False,False
ln_idp,south,pre,inflation_food_price_index_L4_6,-0.0009731589969051185,0.8719653871223199,False,False
ln_idp,south,pre,ln_c_fuel_gas_L4_6,-0.00505631142382119,0.7003170819918467,False,False
ln_idp,south,pre,ln_c_fuel_gas_L7_9,0.011013739069370353,0.5241663563147059,False,False
ln_idp,south,pre,ln_total_best_deaths_L10_12,-0.019108146174010267,0.052001570291900556,True,False
ln_idp,south,pre,ln_total_best_deaths_L1_3,-0.0012136963902724552,0.8824425107640814,False,False
ln_idp,south,pre,ln_total_events_L10_12,0.01793617661808732,0.0963398229197372,True,False
ln_idp,south,pre,ln_total_events_L1_3,-0.0057371104951546,0.35283902360170316,False,False
ln_idp,south,pre,ndvi_anom_1m_L4_6,-0.002278916924507214,0.5866756249594638,False,False
ln_idp,south,pre,ndvi_anom_1m_L7_9,-0.0020207782917618217,0.5763948665692171,False,False
ln_idp,south,pre,sm1_anom_1m_L1_3,0.01796056867813834,0.08512827225227348,True,False
ln_idp,south,pre,sm1_anom_1m_L7_9,0.0027477860072659724,0.5628648471543616,False,False
ln_idp,south,pre,spi6_L10_12,-0.004460000109293333,0.6357055524102027,False,False
ln_idp,south,pre,spi6_L4_6,0.017343072053978045,0.24794768079923202,False,False
ln_idp,south,pre,spi6_drought_severity_L4_6,0.0036409245873364987,0.4716412368731877,False,False
ln_idp,south,pre,spi6_drought_severity_L7_9,-0.004181866494640467,0.2723453474393551,False,False
ln_idp,south,pre,spi6_flood_severity_L4_6,0.018358977632966313,0.04381074284684083,True,True
ln_idp,south,pre,spi6_flood_severity_L7_9,-0.020890280518987277,0.010112683442844439,True,True
ln_idp,south,pre,t2m_max_anom_1m_L1_3,0.00293301254175849,0.6661819246142247,False,False
ln_idp,south,pre,t2m_max_anom_1m_L7_9,-0.007995025305442771,0.2361861985707192,False,False
